Year,Vaccine,State,Mumps_Cases,MMR_Coverage,Population_Size,Percent_Surveyed
1995,MMR,ALABAMA,,77,,
1996,MMR,ALABAMA,5,91,,
1997,MMR,ALABAMA,8,92,,
1998,MMR,ALABAMA,4,95,,
1999,MMR,ALABAMA,5,79.7,,
2000,MMR,ALABAMA,3,87.8,,
2001,MMR,ALABAMA,0,94,,
2002,MMR,ALABAMA,3,80.8,,
2003,MMR,ALABAMA,4,82.7,,
2004,MMR,ALABAMA,0,84.1,,
2005,MMR,ALABAMA,6,86,,
2006,MMR,ALABAMA,47,94,,
2007,MMR,ALABAMA,14,95,,
2008,MMR,ALABAMA,5,75.1,,
2009,MMR,ALABAMA,6,94,75358,100
2010,MMR,ALABAMA,6,,,
2011,MMR,ALABAMA,2,93.6,73190,100
2012,MMR,ALABAMA,2,92.8,72929,100
2013,MMR,ALABAMA,4,92,76927,100
2014,MMR,ALABAMA,2,93.5,59660,100
2015,MMR,ALABAMA,1,93.1,60392,100
2016,MMR,ALABAMA,1,93.8,58394,100
2017,MMR,ALABAMA,37,92.7,57245,100
2018,MMR,ALABAMA,15,90.6,77739,100
2019,MMR,ALABAMA,11,86.6,59477,94.9
2020,MMR,ALABAMA,4,94.7,56974,100
2021,MMR,ALABAMA,0,94.9,60332,100
2022,MMR,ALABAMA,,93.9,59113,100
2023,MMR,ALABAMA,,93.8,54565,100
2024,MMR,ALABAMA,,95.2,53589,99.9
2025,MMR,ALABAMA,,94.3,53378,100
1995,MMR,ALASKA,,74,,
1996,MMR,ALASKA,2,85,,
1997,MMR,ALASKA,4,87,,
1998,MMR,ALASKA,2,91.1,,
1999,MMR,ALASKA,3,82.2,,
2000,MMR,ALASKA,7,88.8,,
2001,MMR,ALASKA,1,87.8,,
2002,MMR,ALASKA,0,78.3,,
2003,MMR,ALASKA,1,81.9,,
2004,MMR,ALASKA,0,78.2,,
2005,MMR,ALASKA,1,80.3,,
2006,MMR,ALASKA,3,85.8,,
2007,MMR,ALASKA,2,89.7,,
2008,MMR,ALASKA,5,69.2,,
2009,MMR,ALASKA,6,,9641,76.4
2010,MMR,ALASKA,1,,,
2011,MMR,ALASKA,1,,10286,7.3
2012,MMR,ALASKA,0,,10319,97.8
2013,MMR,ALASKA,1,94.4,10222,9.3
2014,MMR,ALASKA,2,92.7,10129,7.8
2015,MMR,ALASKA,1,93.5,9937,7.8
2016,MMR,ALASKA,2,89,9815,7.6
2017,MMR,ALASKA,165,91.6,9692,84.4
2019,MMR,ALASKA,1,,10381,82.7
2021,MMR,ALASKA,0,78,9790,76.2
2022,MMR,ALASKA,,83.6,9650,88.8
2023,MMR,ALASKA,,84.3,8644,88.9
2024,MMR,ALASKA,,81.2,7338,99.8
2025,MMR,ALASKA,,89.9,8253,60.9
1995,MMR,ARIZONA,,73,,
1996,MMR,ARIZONA,1,86,,
1997,MMR,ARIZONA,31,88,,
1998,MMR,ARIZONA,2,88,,
1999,MMR,ARIZONA,8,73.9,,
2000,MMR,ARIZONA,4,87.7,,
2001,MMR,ARIZONA,1,88.7,,
2002,MMR,ARIZONA,0,70,,
2003,MMR,ARIZONA,1,78.9,,
2004,MMR,ARIZONA,7,81.8,,
2005,MMR,ARIZONA,1,81.5,,
2006,MMR,ARIZONA,40,87.8,,
2007,MMR,ARIZONA,19,89,,
2008,MMR,ARIZONA,5,76.4,,
2009,MMR,ARIZONA,10,95,89287,93.9
2010,MMR,ARIZONA,5,,,
2011,MMR,ARIZONA,1,94.7,88293,96.9
2012,MMR,ARIZONA,3,94.5,90054,97.6
2013,MMR,ARIZONA,1,93.9,89606,95.8
2014,MMR,ARIZONA,12,94.2,86153,98.3
2015,MMR,ARIZONA,2,94.2,83088,100
2016,MMR,ARIZONA,7,94,83627,100
2017,MMR,ARIZONA,34,93.4,81710,100
2018,MMR,ARIZONA,15,92.9,79981,100
2019,MMR,ARIZONA,103,92.8,83976,98.7
2020,MMR,ARIZONA,13,91.9,76382,92.4
2021,MMR,ARIZONA,2,90.6,83463,97
2022,MMR,ARIZONA,,89.9,80814,97.7
2023,MMR,ARIZONA,,89.3,74834,99.6
2024,MMR,ARIZONA,,88.6,75024,97.4
2025,MMR,ARIZONA,,87.4,73907,92.5
1995,MMR,ARKANSAS,,74,,
1996,MMR,ARKANSAS,1,87,,
1997,MMR,ARKANSAS,,92,,
1998,MMR,ARKANSAS,8,87.9,,
1999,MMR,ARKANSAS,,78.5,,
2000,MMR,ARKANSAS,5,88.4,,
2001,MMR,ARKANSAS,1,90.3,,
2002,MMR,ARKANSAS,0,74.6,,
2003,MMR,ARKANSAS,0,79.7,,
2004,MMR,ARKANSAS,0,84.9,,
2005,MMR,ARKANSAS,2,70.3,,
2006,MMR,ARKANSAS,8,85.9,,
2007,MMR,ARKANSAS,4,92.5,,
2008,MMR,ARKANSAS,5,75.5,,
2009,MMR,ARKANSAS,4,98.3,34733,100
2010,MMR,ARKANSAS,5,,,
2011,MMR,ARKANSAS,4,94.9,38754,92.2
2012,MMR,ARKANSAS,1,85.9,43212,96.3
2013,MMR,ARKANSAS,3,86.5,42649,96.3
2014,MMR,ARKANSAS,1,88.4,41252,95.9
2015,MMR,ARKANSAS,4,90.8,40258,95.6
2016,MMR,ARKANSAS,2411,91.9,39666,75.9
2017,MMR,ARKANSAS,542,91.9,39630,95.4
2018,MMR,ARKANSAS,13,94.2,39257,95.4
2019,MMR,ARKANSAS,75,94.3,39510,96.2
2020,MMR,ARKANSAS,9,93.2,37540,95.6
2021,MMR,ARKANSAS,0,92.5,39358,96.3
2022,MMR,ARKANSAS,,91.9,38358,95.8
2023,MMR,ARKANSAS,,92.5,37535,95.4
2024,MMR,ARKANSAS,,89.6,37570,96.4
2025,MMR,ARKANSAS,,91.5,35543,96.7
1995,MMR,CALIFORNIA,,71,,
1996,MMR,CALIFORNIA,78,90,,
1997,MMR,CALIFORNIA,68,89,,
1998,MMR,CALIFORNIA,49,91.5,,
1999,MMR,CALIFORNIA,38,78.3,,
2000,MMR,CALIFORNIA,52,90.8,,
2001,MMR,CALIFORNIA,26,91.3,,
2002,MMR,CALIFORNIA,70,77.5,,
2003,MMR,CALIFORNIA,58,81.2,,
2004,MMR,CALIFORNIA,55,84.1,,
2005,MMR,CALIFORNIA,47,80.5,,
2006,MMR,CALIFORNIA,31,92.9,,
2007,MMR,CALIFORNIA,42,94.6,,
2008,MMR,CALIFORNIA,31,78.7,,
2009,MMR,CALIFORNIA,16,93.6,507191,100
2010,MMR,CALIFORNIA,29,,,
2011,MMR,CALIFORNIA,5,93.2,542544,97.6
2012,MMR,CALIFORNIA,1,92.7,535523,99
2013,MMR,CALIFORNIA,8,92.3,548606,97.3
2014,MMR,CALIFORNIA,5,92.6,552583,96.9
2015,MMR,CALIFORNIA,33,94.5,593788,92.8
2016,MMR,CALIFORNIA,93,97.3,575305,97.8
2017,MMR,CALIFORNIA,190,96.9,574702,100
2018,MMR,CALIFORNIA,139,96.5,568947,97.7
2019,MMR,CALIFORNIA,354,96.5,566155,97.9
2020,MMR,CALIFORNIA,76,95.1,498214,97.5
2021,MMR,CALIFORNIA,15,96.3,512144,98.4
2022,MMR,CALIFORNIA,,96.5,541132,100
2023,MMR,CALIFORNIA,,96.2,569680,100
2024,MMR,CALIFORNIA,,96.1,590849,100
2025,MMR,CALIFORNIA,,95.7,614405,100
1995,MMR,COLORADO,,78,,
1996,MMR,COLORADO,3,89,,
1997,MMR,COLORADO,3,94,,
1998,MMR,COLORADO,8,93.3,,
1999,MMR,COLORADO,5,77.2,,
2000,MMR,COLORADO,3,87.2,,
2001,MMR,COLORADO,2,92.1,,
2002,MMR,COLORADO,2,64.7,,
2003,MMR,COLORADO,1,69.6,,
2004,MMR,COLORADO,3,80.1,,
2005,MMR,COLORADO,6,85.1,,
2006,MMR,COLORADO,51,88.2,,
2007,MMR,COLORADO,17,91.2,,
2008,MMR,COLORADO,8,79.4,,
2009,MMR,COLORADO,6,,,
2010,MMR,COLORADO,8,,,
2011,MMR,COLORADO,2,86.8,70142,0.5
2012,MMR,COLORADO,7,85.7,70657,0.5
2013,MMR,COLORADO,4,81.7,69904,0.5
2014,MMR,COLORADO,1,86.9,70597,0.5
2015,MMR,COLORADO,2,87.1,69137,0.5
2016,MMR,COLORADO,13,87.3,64440,100
2017,MMR,COLORADO,83,88.7,65718,100
2018,MMR,COLORADO,26,87.4,64191,100
2019,MMR,COLORADO,61,91.1,69088,98.2
2020,MMR,COLORADO,46,90.5,63619,97.3
2021,MMR,COLORADO,0,88.4,66900,97.5
2022,MMR,COLORADO,,87,65576,97.2
2023,MMR,COLORADO,,88.3,61662,100
2024,MMR,COLORADO,,88,60055,100
2025,MMR,COLORADO,,87.7,60049,100
1995,MMR,CONNECTICUT,,85,,
1996,MMR,CONNECTICUT,,96,,
1997,MMR,CONNECTICUT,,94,,
1998,MMR,CONNECTICUT,2,96.6,,
1999,MMR,CONNECTICUT,,87.1,,
2000,MMR,CONNECTICUT,3,95.9,,
2001,MMR,CONNECTICUT,0,93.9,,
2002,MMR,CONNECTICUT,1,86.1,,
2003,MMR,CONNECTICUT,1,95,,
2004,MMR,CONNECTICUT,0,88.9,,
2005,MMR,CONNECTICUT,1,89.4,,
2006,MMR,CONNECTICUT,0,96.5,,
2007,MMR,CONNECTICUT,2,95.3,,
2008,MMR,CONNECTICUT,0,69.8,,
2009,MMR,CONNECTICUT,1,98.5,46158,100
2010,MMR,CONNECTICUT,11,,,
2011,MMR,CONNECTICUT,0,97.4,45695,100
2012,MMR,CONNECTICUT,0,97.1,41604,100
2013,MMR,CONNECTICUT,4,96.9,40978,100
2014,MMR,CONNECTICUT,3,97,39948,100
2015,MMR,CONNECTICUT,4,97,39533,100
2016,MMR,CONNECTICUT,36,96.7,39002,100
2017,MMR,CONNECTICUT,13,96.5,39174,100
2018,MMR,CONNECTICUT,2,95.9,38230,100
2019,MMR,CONNECTICUT,6,96.2,38888,100
2020,MMR,CONNECTICUT,18,95.3,34396,100
2021,MMR,CONNECTICUT,1,95.7,35451,100
2022,MMR,CONNECTICUT,,97.3,35580,100
2023,MMR,CONNECTICUT,,97.7,36184,100
2024,MMR,CONNECTICUT,,98.2,30112,100
2025,MMR,CONNECTICUT,,98.6,33118,100
1995,MMR,DELAWARE,,75,,
1996,MMR,DELAWARE,,90,,
1997,MMR,DELAWARE,,91,,
1998,MMR,DELAWARE,,94.1,,
1999,MMR,DELAWARE,,80,,
2000,MMR,DELAWARE,0,90.2,,
2001,MMR,DELAWARE,0,93.6,,
2002,MMR,DELAWARE,0,84.8,,
2003,MMR,DELAWARE,0,80.1,,
2004,MMR,DELAWARE,0,86.4,,
2005,MMR,DELAWARE,0,86.7,,
2006,MMR,DELAWARE,0,96.5,,
2007,MMR,DELAWARE,1,94.8,,
2008,MMR,DELAWARE,1,71.8,,
2009,MMR,DELAWARE,1,89.7,11327,9.2
2010,MMR,DELAWARE,0,,,
2011,MMR,DELAWARE,0,96.9,11327,7.4
2012,MMR,DELAWARE,0,95.7,11997,7.8
2013,MMR,DELAWARE,0,96.4,11997,12.2
2014,MMR,DELAWARE,0,97.8,11476,7.9
2015,MMR,DELAWARE,1,97.6,11589,9.5
2016,MMR,DELAWARE,0,98.5,11490,9.3
2017,MMR,DELAWARE,3,96.7,10988,9.5
2018,MMR,DELAWARE,22,97.8,10798,9.5
2019,MMR,DELAWARE,1,,,
2020,MMR,DELAWARE,13,95.7,10587,9.2
2021,MMR,DELAWARE,0,96.4,11181,9.5
2022,MMR,DELAWARE,,95.1,10674,9.7
2023,MMR,DELAWARE,,93.8,11043,12.1
2024,MMR,DELAWARE,,94.1,10393,14.2
2025,MMR,DELAWARE,,93.5,10729,12.9
1995,MMR,FLORIDA,,76,,
1996,MMR,FLORIDA,16,90,,
1997,MMR,FLORIDA,35,91,,
1998,MMR,FLORIDA,33,92.3,,
1999,MMR,FLORIDA,26,82,,
2000,MMR,FLORIDA,6,89.1,,
2001,MMR,FLORIDA,9,91.4,,
2002,MMR,FLORIDA,7,78,,
2003,MMR,FLORIDA,7,83.8,,
2004,MMR,FLORIDA,9,90.1,,
2005,MMR,FLORIDA,8,81.5,,
2006,MMR,FLORIDA,15,91.8,,
2007,MMR,FLORIDA,21,92.3,,
2008,MMR,FLORIDA,16,79.9,,
2009,MMR,FLORIDA,18,91.3,218630,100
2010,MMR,FLORIDA,10,,,
2011,MMR,FLORIDA,12,92.6,225532,100
2012,MMR,FLORIDA,6,92.1,234628,100
2013,MMR,FLORIDA,4,93.2,233797,100
2014,MMR,FLORIDA,4,93.3,228982,100
2015,MMR,FLORIDA,10,93.7,224430,100
2016,MMR,FLORIDA,15,94.1,224463,100
2017,MMR,FLORIDA,69,93.7,222397,100
2018,MMR,FLORIDA,54,93.8,224641,100
2019,MMR,FLORIDA,139,93.5,228298,100
2020,MMR,FLORIDA,21,93.3,207026,100
2021,MMR,FLORIDA,8,91.7,229432,97.8
2022,MMR,FLORIDA,,90.6,230309,97.7
2023,MMR,FLORIDA,,88.1,228213,100
2024,MMR,FLORIDA,,88.8,221053,100
2025,MMR,FLORIDA,,88.9,213535,100
1995,MMR,GEORGIA,,78,,
1996,MMR,GEORGIA,3,92,,
1997,MMR,GEORGIA,9,92,,
1998,MMR,GEORGIA,2,91.7,,
1999,MMR,GEORGIA,4,83.1,,
2000,MMR,GEORGIA,2,91.1,,
2001,MMR,GEORGIA,7,90.1,,
2002,MMR,GEORGIA,2,83.4,,
2003,MMR,GEORGIA,3,77.1,,
2004,MMR,GEORGIA,0,86.7,,
2005,MMR,GEORGIA,2,86.2,,
2006,MMR,GEORGIA,6,91,,
2007,MMR,GEORGIA,0,91.4,,
2008,MMR,GEORGIA,3,71.9,,
2009,MMR,GEORGIA,0,99.6,141949,1.2
2010,MMR,GEORGIA,5,,,
2011,MMR,GEORGIA,3,96.6,143065,1.9
2012,MMR,GEORGIA,2,95.1,142732,2.4
2013,MMR,GEORGIA,10,94,143988,100
2014,MMR,GEORGIA,2,94,139471,100
2015,MMR,GEORGIA,0,94.6,131403,100
2016,MMR,GEORGIA,1,93.3,136165,100
2017,MMR,GEORGIA,66,93.4,131459,100
2018,MMR,GEORGIA,42,93.6,131275,100
2019,MMR,GEORGIA,48,93.1,130102,100
2020,MMR,GEORGIA,2,88.5,83191,100
2021,MMR,GEORGIA,3,83.2,118742,100
2022,MMR,GEORGIA,,88.1,123771,100
2023,MMR,GEORGIA,,88.4,136943,100
2024,MMR,GEORGIA,,86.8,114568,100
2025,MMR,GEORGIA,,89.1,118864,100
1995,MMR,HAWAII,,81,,
1996,MMR,HAWAII,19,92,,
1997,MMR,HAWAII,9,93,,
1998,MMR,HAWAII,7,94.9,,
1999,MMR,HAWAII,4,82.8,,
2000,MMR,HAWAII,1,93.7,,
2001,MMR,HAWAII,11,90.6,,
2002,MMR,HAWAII,22,81.3,,
2003,MMR,HAWAII,13,83.3,,
2004,MMR,HAWAII,0,83.4,,
2005,MMR,HAWAII,18,81.4,,
2006,MMR,HAWAII,6,89.9,,
2007,MMR,HAWAII,2,93.8,,
2008,MMR,HAWAII,4,77.4,,
2009,MMR,HAWAII,5,,18427,6.4
2010,MMR,HAWAII,5,,,
2011,MMR,HAWAII,3,,19443,7.7
2012,MMR,HAWAII,1,,20104,6.7
2013,MMR,HAWAII,0,,20056,5.4
2014,MMR,HAWAII,1,,20085,5.6
2015,MMR,HAWAII,1,91.6,16325,6.7
2016,MMR,HAWAII,6,93.5,16325,6.7
2017,MMR,HAWAII,832,95.6,16325,6.6
2018,MMR,HAWAII,236,91.5,16051,6.7
2019,MMR,HAWAII,2,89.7,15695,8.9
2020,MMR,HAWAII,1,90.7,13074,9.3
2021,MMR,HAWAII,1,94.3,13368,6.7
2022,MMR,HAWAII,,86.4,13195,8.1
2023,MMR,HAWAII,,89.8,13995,8.2
2024,MMR,HAWAII,,90.1,13804,10.5
2025,MMR,HAWAII,,89.3,13791,11.7
1995,MMR,IDAHO,,66,,
1996,MMR,IDAHO,,84,,
1997,MMR,IDAHO,5,89,,
1998,MMR,IDAHO,6,90.7,,
1999,MMR,IDAHO,3,70,,
2000,MMR,IDAHO,1,88,,
2001,MMR,IDAHO,3,88.6,,
2002,MMR,IDAHO,1,73.9,,
2003,MMR,IDAHO,1,82.5,,
2004,MMR,IDAHO,3,82.8,,
2005,MMR,IDAHO,0,79.3,,
2006,MMR,IDAHO,7,88.2,,
2007,MMR,IDAHO,7,86.1,,
2008,MMR,IDAHO,2,60.4,,
2009,MMR,IDAHO,3,87,22624,100
2010,MMR,IDAHO,1,,,
2011,MMR,IDAHO,2,89.2,22762,100
2012,MMR,IDAHO,0,88.4,23888,100
2013,MMR,IDAHO,0,88.2,23934,100
2014,MMR,IDAHO,9,89.5,22968,100
2015,MMR,IDAHO,10,90.2,22686,100
2016,MMR,IDAHO,1,89.9,22589,100
2017,MMR,IDAHO,5,89.5,22553,99
2018,MMR,IDAHO,2,89.5,22995,99
2019,MMR,IDAHO,1,89.1,23301,98.5
2020,MMR,IDAHO,1,86.5,22677,98.3
2021,MMR,IDAHO,2,83.9,23854,99.6
2022,MMR,IDAHO,,81.3,23721,99.3
2023,MMR,IDAHO,,79.6,22376,100
2024,MMR,IDAHO,,78.5,22242,99.5
2025,MMR,IDAHO,,75.2,21728,100
1995,MMR,ILLINOIS,,81,,
1996,MMR,ILLINOIS,13,90,,
1997,MMR,ILLINOIS,8,89,,
1998,MMR,ILLINOIS,2,91.3,,
1999,MMR,ILLINOIS,6,78.8,,
2000,MMR,ILLINOIS,4,91.5,,
2001,MMR,ILLINOIS,9,89,,
2002,MMR,ILLINOIS,18,80.4,,
2003,MMR,ILLINOIS,8,84.9,,
2004,MMR,ILLINOIS,10,86.4,,
2005,MMR,ILLINOIS,10,84.9,,
2006,MMR,ILLINOIS,798,89.2,,
2007,MMR,ILLINOIS,170,93.1,,
2008,MMR,ILLINOIS,91,74.8,,
2009,MMR,ILLINOIS,47,94.5,165845,100
2010,MMR,ILLINOIS,31,,,
2011,MMR,ILLINOIS,1,97.3,163311,100
2012,MMR,ILLINOIS,32,95.5,166884,100
2013,MMR,ILLINOIS,26,94.7,163316,100
2014,MMR,ILLINOIS,1,94.7,156942,100
2015,MMR,ILLINOIS,36,94.9,151309,100
2016,MMR,ILLINOIS,333,94.9,151309,97.7
2017,MMR,ILLINOIS,281,95.2,144858,100
2018,MMR,ILLINOIS,276,94.7,143876,100
2019,MMR,ILLINOIS,88,96.6,145891,100
2020,MMR,ILLINOIS,24,,,
2021,MMR,ILLINOIS,15,92.1,137699,100
2022,MMR,ILLINOIS,,91.7,135332,100
2023,MMR,ILLINOIS,,91.6,133578,100
2024,MMR,ILLINOIS,,91.8,132769,99.5
2025,MMR,ILLINOIS,,92.8,128598,99.8
1995,MMR,INDIANA,,76,,
1996,MMR,INDIANA,9,87,,
1997,MMR,INDIANA,14,89,,
1998,MMR,INDIANA,5,92.9,,
1999,MMR,INDIANA,2,75.4,,
2000,MMR,INDIANA,1,91.1,,
2001,MMR,INDIANA,2,91.1,,
2002,MMR,INDIANA,2,79.2,,
2003,MMR,INDIANA,3,82,,
2004,MMR,INDIANA,2,81.3,,
2005,MMR,INDIANA,1,78.9,,
2006,MMR,INDIANA,10,89.5,,
2007,MMR,INDIANA,3,90.4,,
2008,MMR,INDIANA,2,75.5,,
2009,MMR,INDIANA,2,92.8,84390,94.7
2010,MMR,INDIANA,4,,,
2011,MMR,INDIANA,3,93.3,83416,67.5
2012,MMR,INDIANA,4,95.4,86983,83.4
2013,MMR,INDIANA,4,92.9,87193,70.3
2014,MMR,INDIANA,25,89.3,85477,70.1
2015,MMR,INDIANA,6,89.2,83525,69.5
2016,MMR,INDIANA,293,88.9,83263,80.3
2017,MMR,INDIANA,42,90.4,84296,96.4
2018,MMR,INDIANA,14,91.2,82324,96.4
2019,MMR,INDIANA,87,94.4,88253,65.7
2020,MMR,INDIANA,6,93.1,78694,71.4
2021,MMR,INDIANA,9,92.1,83198,75.1
2022,MMR,INDIANA,,92,81307,87.5
2023,MMR,INDIANA,,90.8,80639,88.5
2024,MMR,INDIANA,,90.8,73744,92.7
2025,MMR,INDIANA,,90.1,70886,87.1
1995,MMR,IOWA,,83,,
1996,MMR,IOWA,2,92,,
1997,MMR,IOWA,10,89,,
1998,MMR,IOWA,7,92.5,,
1999,MMR,IOWA,7,84.5,,
2000,MMR,IOWA,5,92.7,,
2001,MMR,IOWA,1,89.2,,
2002,MMR,IOWA,1,80.7,,
2003,MMR,IOWA,2,84.5,,
2004,MMR,IOWA,2,88,,
2005,MMR,IOWA,6,85.7,,
2006,MMR,IOWA,1964,90.4,,
2007,MMR,IOWA,27,93,,
2008,MMR,IOWA,24,74.7,,
2009,MMR,IOWA,15,84.5,42698,100
2010,MMR,IOWA,38,,,
2011,MMR,IOWA,8,91.1,40978,100
2012,MMR,IOWA,6,90.5,41701,99.9
2013,MMR,IOWA,3,91,43728,94.6
2014,MMR,IOWA,10,91.9,43239,96.3
2015,MMR,IOWA,5,91.8,41215,100
2016,MMR,IOWA,732,92.6,39587,100
2017,MMR,IOWA,119,93,39632,100
2018,MMR,IOWA,26,93.3,40624,100
2019,MMR,IOWA,14,93.2,40812,100
2020,MMR,IOWA,7,93.4,39141,100
2021,MMR,IOWA,8,90.6,40111,100
2022,MMR,IOWA,,89.9,39178,100
2023,MMR,IOWA,,89.1,38611,100
2024,MMR,IOWA,,88.8,38268,100
2025,MMR,IOWA,,88.9,37490,100
1995,MMR,KANSAS,,72,,
1996,MMR,KANSAS,1,88,,
1997,MMR,KANSAS,,93,,
1998,MMR,KANSAS,,90.8,,
1999,MMR,KANSAS,,79.7,,
2000,MMR,KANSAS,3,87.1,,
2001,MMR,KANSAS,8,90.4,,
2002,MMR,KANSAS,6,74,,
2003,MMR,KANSAS,3,78.1,,
2004,MMR,KANSAS,10,80.6,,
2005,MMR,KANSAS,0,87.5,,
2006,MMR,KANSAS,968,92.8,,
2007,MMR,KANSAS,28,93.1,,
2008,MMR,KANSAS,2,76.7,,
2009,MMR,KANSAS,7,90.9,39073,39.1
2010,MMR,KANSAS,5,,,
2011,MMR,KANSAS,4,88.2,38402,52.7
2012,MMR,KANSAS,4,90,40738,31.8
2013,MMR,KANSAS,0,86.9,41107,29
2014,MMR,KANSAS,2,89.2,39685,24.5
2015,MMR,KANSAS,0,89.4,39555,21
2016,MMR,KANSAS,17,89.5,38298,22.9
2017,MMR,KANSAS,161,89.1,38484,23.1
2018,MMR,KANSAS,3,90.8,37838,23.1
2019,MMR,KANSAS,9,90,37865,34.3
2020,MMR,KANSAS,2,92.6,34687,32.7
2021,MMR,KANSAS,1,91,36526,29.5
2022,MMR,KANSAS,,91.6,35543,30.8
2023,MMR,KANSAS,,90.4,34178,37.1
2024,MMR,KANSAS,,91,33892,29.2
2025,MMR,KANSAS,,,,
1995,MMR,KENTUCKY,,80,,
1996,MMR,KENTUCKY,,91,,
1997,MMR,KENTUCKY,3,90,,
1998,MMR,KENTUCKY,,91.6,,
1999,MMR,KENTUCKY,,88.6,,
2000,MMR,KENTUCKY,1,88.6,,
2001,MMR,KENTUCKY,3,91.6,,
2002,MMR,KENTUCKY,3,74.4,,
2003,MMR,KENTUCKY,0,82.7,,
2004,MMR,KENTUCKY,0,80.4,,
2005,MMR,KENTUCKY,0,84.8,,
2006,MMR,KENTUCKY,1,91.8,,
2007,MMR,KENTUCKY,0,90.8,,
2008,MMR,KENTUCKY,0,74.1,,
2009,MMR,KENTUCKY,1,92.2,56526,92.9
2010,MMR,KENTUCKY,1,,,
2011,MMR,KENTUCKY,0,92,58185,91.8
2012,MMR,KENTUCKY,2,92.4,58466,97.2
2013,MMR,KENTUCKY,2,92.6,57857,100
2014,MMR,KENTUCKY,2,92.7,57884,97.2
2015,MMR,KENTUCKY,2,92.2,54353,99.5
2016,MMR,KENTUCKY,94,90.8,51487,92.9
2017,MMR,KENTUCKY,19,92.6,55152,99
2018,MMR,KENTUCKY,9,93.4,55587,99
2019,MMR,KENTUCKY,6,93.1,59233,92.9
2020,MMR,KENTUCKY,4,88.9,59233,86.4
2021,MMR,KENTUCKY,4,86.5,59233,91.5
2022,MMR,KENTUCKY,,90.1,54742,96.9
2023,MMR,KENTUCKY,,90,52609,100
2024,MMR,KENTUCKY,,86.9,51319,100
2025,MMR,KENTUCKY,,91.1,49937,100
1995,MMR,LOUISIANA,,77,,
1996,MMR,LOUISIANA,18,89,,
1997,MMR,LOUISIANA,16,88,,
1998,MMR,LOUISIANA,9,88.3,,
1999,MMR,LOUISIANA,3,76.9,,
2000,MMR,LOUISIANA,5,87.7,,
2001,MMR,LOUISIANA,1,84.7,,
2002,MMR,LOUISIANA,2,69.8,,
2003,MMR,LOUISIANA,1,72.7,,
2004,MMR,LOUISIANA,9,76.9,,
2005,MMR,LOUISIANA,8,78.2,,
2006,MMR,LOUISIANA,3,88.9,,
2007,MMR,LOUISIANA,1,92.9,,
2008,MMR,LOUISIANA,1,81.9,,
2009,MMR,LOUISIANA,1,96.9,53846,100
2010,MMR,LOUISIANA,8,,,
2011,MMR,LOUISIANA,0,98.1,69013,100
2012,MMR,LOUISIANA,2,96.6,68874,100
2013,MMR,LOUISIANA,2,96.8,63976,100
2014,MMR,LOUISIANA,1,96.8,60377,100
2015,MMR,LOUISIANA,2,96.8,59159,100
2016,MMR,LOUISIANA,1,97.1,55257,100
2017,MMR,LOUISIANA,70,96.1,58277,100
2018,MMR,LOUISIANA,28,95.5,56203,100
2019,MMR,LOUISIANA,206,95.6,59685,100
2020,MMR,LOUISIANA,42,96.2,61912,100
2021,MMR,LOUISIANA,0,93.7,66518,100
2022,MMR,LOUISIANA,,92.2,54314,100
2023,MMR,LOUISIANA,,92.4,51839,100
2024,MMR,LOUISIANA,,92.6,49229,100
2025,MMR,LOUISIANA,,90.3,50223,100
1995,MMR,MAINE,,89,,
1996,MMR,MAINE,,95,,
1997,MMR,MAINE,,95,,
1998,MMR,MAINE,,93.6,,
1999,MMR,MAINE,,84.1,,
2000,MMR,MAINE,0,94,,
2001,MMR,MAINE,0,94.2,,
2002,MMR,MAINE,0,83.7,,
2003,MMR,MAINE,0,84.1,,
2004,MMR,MAINE,0,86.2,,
2005,MMR,MAINE,2,88.8,,
2006,MMR,MAINE,0,92.2,,
2007,MMR,MAINE,24,90.2,,
2008,MMR,MAINE,5,73.6,,
2009,MMR,MAINE,6,95.5,14162,75.3
2010,MMR,MAINE,2,,,
2011,MMR,MAINE,2,93,13829,97
2012,MMR,MAINE,0,91.3,14313,94.6
2013,MMR,MAINE,1,89.9,15441,82.4
2014,MMR,MAINE,0,92.1,13704,88.9
2015,MMR,MAINE,0,95.1,13526,90.5
2016,MMR,MAINE,34,94.9,13834,90.1
2017,MMR,MAINE,,94.3,13255,95.9
2018,MMR,MAINE,4,93.8,13419,95.9
2019,MMR,MAINE,5,94.1,13450,99.6
2020,MMR,MAINE,1,94.3,13477,85
2021,MMR,MAINE,1,96.7,12881,91.6
2022,MMR,MAINE,,96.8,12403,93.9
2023,MMR,MAINE,,97.5,12087,93
2024,MMR,MAINE,,97.6,11761,95.4
2025,MMR,MAINE,,98,11634,94.4
1995,MMR,MARYLAND,,81,,
1996,MMR,MARYLAND,26,91,,
1997,MMR,MARYLAND,11,94,,
1998,MMR,MARYLAND,2,89.1,,
1999,MMR,MARYLAND,6,80.5,,
2000,MMR,MARYLAND,6,90.9,,
2001,MMR,MARYLAND,7,92.9,,
2002,MMR,MARYLAND,9,81.8,,
2003,MMR,MARYLAND,5,84.6,,
2004,MMR,MARYLAND,4,81.3,,
2005,MMR,MARYLAND,10,84.3,,
2006,MMR,MARYLAND,48,96.1,,
2007,MMR,MARYLAND,19,97.1,,
2008,MMR,MARYLAND,11,80.2,,
2009,MMR,MARYLAND,8,98.9,75061,75
2010,MMR,MARYLAND,12,,,
2011,MMR,MARYLAND,3,98.7,72957,67.2
2012,MMR,MARYLAND,1,98.2,75007,84.3
2013,MMR,MARYLAND,56,97.6,75659,96.9
2014,MMR,MARYLAND,1,99.1,75391,90.2
2015,MMR,MARYLAND,17,99.4,72012,94.3
2016,MMR,MARYLAND,4,97.9,71467,98.1
2017,MMR,MARYLAND,8,97.4,68528,98.5
2018,MMR,MARYLAND,27,97.4,71431,100
2019,MMR,MARYLAND,18,97.9,72443,98.3
2020,MMR,MARYLAND,4,87.6,65764,75.6
2021,MMR,MARYLAND,1,93.9,53866,98.4
2022,MMR,MARYLAND,,96.7,59684,100
2023,MMR,MARYLAND,,96.6,63224,100
2024,MMR,MARYLAND,,96.4,66135,95.6
2025,MMR,MARYLAND,,96.6,66945,97.8
1995,MMR,MASSACHUSETTS,,81,,
1996,MMR,MASSACHUSETTS,,96,,
1997,MMR,MASSACHUSETTS,,95,,
1998,MMR,MASSACHUSETTS,,96,,
1999,MMR,MASSACHUSETTS,,87.3,,
2000,MMR,MASSACHUSETTS,1,96.1,,
2001,MMR,MASSACHUSETTS,2,92.8,,
2002,MMR,MASSACHUSETTS,2,89.5,,
2003,MMR,MASSACHUSETTS,1,92.5,,
2004,MMR,MASSACHUSETTS,4,91.5,,
2005,MMR,MASSACHUSETTS,7,95.6,,
2006,MMR,MASSACHUSETTS,12,96.6,,
2007,MMR,MASSACHUSETTS,14,93.3,,
2008,MMR,MASSACHUSETTS,7,82.3,,
2009,MMR,MASSACHUSETTS,15,93,74476,100
2010,MMR,MASSACHUSETTS,9,,,
2011,MMR,MASSACHUSETTS,4,94.2,79551,97.5
2012,MMR,MASSACHUSETTS,6,94.8,79661,97.6
2013,MMR,MASSACHUSETTS,69,95.1,79894,97.9
2014,MMR,MASSACHUSETTS,2,94.7,74869,100
2015,MMR,MASSACHUSETTS,6,96.4,72897,100
2016,MMR,MASSACHUSETTS,254,96.1,70109,100
2017,MMR,MASSACHUSETTS,191,96.3,63377,100
2018,MMR,MASSACHUSETTS,44,96.9,65279,100
2019,MMR,MASSACHUSETTS,60,97.3,66756,100
2020,MMR,MASSACHUSETTS,18,95.9,60724,100
2021,MMR,MASSACHUSETTS,2,96.2,65582,100
2022,MMR,MASSACHUSETTS,,96.5,66041,100
2023,MMR,MASSACHUSETTS,,96.3,65424,100
2024,MMR,MASSACHUSETTS,,96.6,65581,100
2025,MMR,MASSACHUSETTS,,96.5,65331,100
1995,MMR,MICHIGAN,1,70,,
1996,MMR,MICHIGAN,30,90,,
1997,MMR,MICHIGAN,14,89,,
1998,MMR,MICHIGAN,17,90.7,,
1999,MMR,MICHIGAN,7,75.9,,
2000,MMR,MICHIGAN,3,88.9,,
2001,MMR,MICHIGAN,6,88.6,,
2002,MMR,MICHIGAN,7,84.3,,
2003,MMR,MICHIGAN,8,83.3,,
2004,MMR,MICHIGAN,2,83.1,,
2005,MMR,MICHIGAN,24,84.5,,
2006,MMR,MICHIGAN,84,92.2,,
2007,MMR,MICHIGAN,28,89.5,,
2008,MMR,MICHIGAN,22,74.5,,
2009,MMR,MICHIGAN,11,95.3,129810,100
2010,MMR,MICHIGAN,20,,,
2011,MMR,MICHIGAN,3,95,124962,100
2012,MMR,MICHIGAN,10,94.4,124662,100
2013,MMR,MICHIGAN,2,97.5,120297,100
2014,MMR,MICHIGAN,4,94.3,117963,100
2015,MMR,MICHIGAN,2,95.7,116299,100
2016,MMR,MICHIGAN,20,95.6,118777,100
2017,MMR,MICHIGAN,31,95,119028,100
2018,MMR,MICHIGAN,42,94.6,118632,100
2019,MMR,MICHIGAN,23,94.8,120565,100
2020,MMR,MICHIGAN,4,94.6,106657,100
2021,MMR,MICHIGAN,1,93.6,114251,100
2022,MMR,MICHIGAN,,92.9,113678,100
2023,MMR,MICHIGAN,,92.1,110156,100
2024,MMR,MICHIGAN,,91.6,107636,100
2025,MMR,MICHIGAN,,90.9,104614,100
1995,MMR,MINNESOTA,,77,,
1996,MMR,MINNESOTA,6,95,,
1997,MMR,MINNESOTA,6,92,,
1998,MMR,MINNESOTA,14,93.3,,
1999,MMR,MINNESOTA,1,87,,
2000,MMR,MINNESOTA,7,92.5,,
2001,MMR,MINNESOTA,5,90.8,,
2002,MMR,MINNESOTA,5,82.2,,
2003,MMR,MINNESOTA,1,85.3,,
2004,MMR,MINNESOTA,4,86.5,,
2005,MMR,MINNESOTA,6,88.4,,
2006,MMR,MINNESOTA,180,92.3,,
2007,MMR,MINNESOTA,28,94.9,,
2008,MMR,MINNESOTA,9,74.6,,
2009,MMR,MINNESOTA,7,95.1,70653,100
2010,MMR,MINNESOTA,8,,,
2011,MMR,MINNESOTA,1,95.7,71213,99.2
2012,MMR,MINNESOTA,7,96.3,73310,100
2013,MMR,MINNESOTA,3,93.4,72087,98.5
2014,MMR,MINNESOTA,2,93.5,70896,97.8
2015,MMR,MINNESOTA,6,92.8,69710,97.8
2016,MMR,MINNESOTA,24,92.8,69140,96.7
2017,MMR,MINNESOTA,72,92.5,69807,98.1
2018,MMR,MINNESOTA,10,92.6,70085,98.1
2019,MMR,MINNESOTA,13,92.6,71223,98.7
2020,MMR,MINNESOTA,2,89.8,66007,95.2
2021,MMR,MINNESOTA,0,89,69403,98.7
2022,MMR,MINNESOTA,,87.6,68152,97.9
2023,MMR,MINNESOTA,,87,66032,99.1
2024,MMR,MINNESOTA,,86.5,64898,99.7
2025,MMR,MINNESOTA,,85.7,63451,99.9
1995,MMR,MISSISSIPPI,,83,,
1996,MMR,MISSISSIPPI,13,93,,
1997,MMR,MISSISSIPPI,3,90,,
1998,MMR,MISSISSIPPI,1,93,,
1999,MMR,MISSISSIPPI,1,81.7,,
2000,MMR,MISSISSIPPI,0,90.3,,
2001,MMR,MISSISSIPPI,5,93.3,,
2002,MMR,MISSISSIPPI,5,77.8,,
2003,MMR,MISSISSIPPI,1,84,,
2004,MMR,MISSISSIPPI,0,86.4,,
2005,MMR,MISSISSIPPI,1,85.1,,
2006,MMR,MISSISSIPPI,2,88.4,,
2007,MMR,MISSISSIPPI,2,87.2,,
2008,MMR,MISSISSIPPI,0,75.8,,
2009,MMR,MISSISSIPPI,1,99.7,46922,100
2010,MMR,MISSISSIPPI,0,,,
2011,MMR,MISSISSIPPI,3,99.2,44912,100
2012,MMR,MISSISSIPPI,0,99.9,46595,100
2013,MMR,MISSISSIPPI,0,99.7,45719,100
2014,MMR,MISSISSIPPI,0,99.2,44129,100
2015,MMR,MISSISSIPPI,0,99.4,41042,100
2016,MMR,MISSISSIPPI,1,99.4,40509,100
2017,MMR,MISSISSIPPI,26,99.4,39284,100
2018,MMR,MISSISSIPPI,10,99.2,37775,100
2019,MMR,MISSISSIPPI,43,99.1,37870,100
2020,MMR,MISSISSIPPI,2,98.9,34028,100
2021,MMR,MISSISSIPPI,1,98.6,36524,100
2022,MMR,MISSISSIPPI,,98.4,36048,100
2023,MMR,MISSISSIPPI,,97.5,36105,100
2024,MMR,MISSISSIPPI,,97.6,35293,100
2025,MMR,MISSISSIPPI,,97,34969,100
1995,MMR,MISSOURI,,76,,
1996,MMR,MISSOURI,4,87,,
1997,MMR,MISSOURI,,90,,
1998,MMR,MISSOURI,2,92.8,,
1999,MMR,MISSOURI,1,75.5,,
2000,MMR,MISSOURI,4,92.9,,
2001,MMR,MISSOURI,3,90,,
2002,MMR,MISSOURI,4,77.7,,
2003,MMR,MISSOURI,5,84.9,,
2004,MMR,MISSOURI,3,86,,
2005,MMR,MISSOURI,4,82.2,,
2006,MMR,MISSOURI,170,95.8,,
2007,MMR,MISSOURI,12,89,,
2008,MMR,MISSOURI,8,72.9,,
2009,MMR,MISSOURI,15,97.3,75958,3
2010,MMR,MISSOURI,10,,,
2011,MMR,MISSOURI,7,96.8,75240,4.7
2012,MMR,MISSOURI,2,96.7,78416,5.9
2013,MMR,MISSOURI,1,95.5,78140,100
2014,MMR,MISSOURI,1,95.8,75900,100
2015,MMR,MISSOURI,1,95.7,74413,100
2016,MMR,MISSOURI,334,95.4,73355,100
2017,MMR,MISSOURI,437,95.2,73113,100
2018,MMR,MISSOURI,27,94.8,72687,100
2019,MMR,MISSOURI,156,94.6,72324,100
2020,MMR,MISSOURI,70,92.6,63093,100
2021,MMR,MISSOURI,3,91.6,71034,100
2022,MMR,MISSOURI,,91.3,69126,100
2023,MMR,MISSOURI,,90.4,69014,100
2024,MMR,MISSOURI,,90,68163,100
2025,MMR,MISSOURI,,89.5,66610,100
1995,MMR,MONTANA,,74,,
1996,MMR,MONTANA,,89,,
1997,MMR,MONTANA,,87,,
1998,MMR,MONTANA,,91.9,,
1999,MMR,MONTANA,,84.8,,
2000,MMR,MONTANA,1,89.9,,
2001,MMR,MONTANA,1,94.7,,
2002,MMR,MONTANA,0,71.5,,
2003,MMR,MONTANA,0,84.9,,
2004,MMR,MONTANA,0,82.6,,
2005,MMR,MONTANA,1,84.1,,
2006,MMR,MONTANA,0,87.2,,
2007,MMR,MONTANA,1,89.6,,
2008,MMR,MONTANA,1,59.2,,
2009,MMR,MONTANA,0,95.5,12335,98.8
2010,MMR,MONTANA,0,,,
2011,MMR,MONTANA,0,95,12128,100
2012,MMR,MONTANA,1,94.8,12516,95.8
2013,MMR,MONTANA,0,93.7,12855,95.4
2014,MMR,MONTANA,1,94.6,12501,95.7
2015,MMR,MONTANA,0,94.9,11484,100
2016,MMR,MONTANA,26,93.8,11956,100
2017,MMR,MONTANA,6,93.2,12188,100
2018,MMR,MONTANA,3,93.3,12480,100
2019,MMR,MONTANA,17,93.6,12501,100
2020,MMR,MONTANA,1,92.9,11279,100
1995,MMR,NEBRASKA,,78,,
1996,MMR,NEBRASKA,,91,,
1997,MMR,NEBRASKA,1,89,,
1998,MMR,NEBRASKA,,90.2,,
1999,MMR,NEBRASKA,,83.7,,
2000,MMR,NEBRASKA,4,91.5,,
2001,MMR,NEBRASKA,1,90.9,,
2002,MMR,NEBRASKA,2,80.6,,
2003,MMR,NEBRASKA,0,82.7,,
2004,MMR,NEBRASKA,0,83,,
2005,MMR,NEBRASKA,0,91,,
2006,MMR,NEBRASKA,368,91.6,,
2007,MMR,NEBRASKA,8,94,,
2008,MMR,NEBRASKA,4,71.5,,
2009,MMR,NEBRASKA,7,97.5,29607,96.4
2010,MMR,NEBRASKA,23,,,
2011,MMR,NEBRASKA,6,99,26715,96.6
2012,MMR,NEBRASKA,2,96,24999,96.6
2013,MMR,NEBRASKA,0,96.6,27000,97.3
2014,MMR,NEBRASKA,0,96,26665,100
2015,MMR,NEBRASKA,1,95.6,30409,100
2016,MMR,NEBRASKA,49,96.7,27117,100
2017,MMR,NEBRASKA,3,96.2,26313,98.6
2018,MMR,NEBRASKA,9,96.9,26925,98.6
2019,MMR,NEBRASKA,81,96.3,26893,96.7
2020,MMR,NEBRASKA,1,95.5,25681,94.8
2021,MMR,NEBRASKA,2,96.2,25018,99.5
2022,MMR,NEBRASKA,,95.1,23176,100
2023,MMR,NEBRASKA,,93.9,23118,100
2024,MMR,NEBRASKA,,94.2,24102,100
2025,MMR,NEBRASKA,,92.8,23807,100
1995,MMR,NEVADA,6,68,,
1996,MMR,NEVADA,1,86,,
1997,MMR,NEVADA,2,89,,
1998,MMR,NEVADA,4,91.6,,
1999,MMR,NEVADA,,73.4,,
2000,MMR,NEVADA,2,88,,
2001,MMR,NEVADA,2,86,,
2002,MMR,NEVADA,6,78.4,,
2003,MMR,NEVADA,5,78.1,,
2004,MMR,NEVADA,1,71.3,,
2005,MMR,NEVADA,3,71.2,,
2006,MMR,NEVADA,5,84.9,,
2007,MMR,NEVADA,12,86.3,,
2008,MMR,NEVADA,6,67.8,,
2009,MMR,NEVADA,3,94.5,35209,5.6
2010,MMR,NEVADA,1,,,
2011,MMR,NEVADA,0,95.3,36557,5.2
2012,MMR,NEVADA,0,93.6,36070,4.3
2013,MMR,NEVADA,5,95.6,35782,3.1
2014,MMR,NEVADA,2,94,36755,2.8
2015,MMR,NEVADA,0,94.7,37118,3.3
2016,MMR,NEVADA,5,90.9,36885,3.7
2017,MMR,NEVADA,5,93,37178,4.8
2018,MMR,NEVADA,3,95.1,37971,4.8
2019,MMR,NEVADA,1,95.4,37724,99.9
2020,MMR,NEVADA,1,96.1,34171,94.7
2021,MMR,NEVADA,0,92.7,36855,99.2
2022,MMR,NEVADA,,92.8,34333,89.1
2023,MMR,NEVADA,,91.9,31261,91.3
2024,MMR,NEVADA,,91.3,33272,92.6
2025,MMR,NEVADA,,90.8,32815,93.6
1995,MMR,NEW HAMPSHIRE,,87,,
1996,MMR,NEW HAMPSHIRE,1,94,,
1997,MMR,NEW HAMPSHIRE,,95,,
1998,MMR,NEW HAMPSHIRE,,94.8,,
1999,MMR,NEW HAMPSHIRE,1,84.5,,
2000,MMR,NEW HAMPSHIRE,0,94.9,,
2001,MMR,NEW HAMPSHIRE,0,94.3,,
2002,MMR,NEW HAMPSHIRE,5,88.1,,
2003,MMR,NEW HAMPSHIRE,2,88.8,,
2004,MMR,NEW HAMPSHIRE,1,89.5,,
2005,MMR,NEW HAMPSHIRE,1,85,,
2006,MMR,NEW HAMPSHIRE,5,93,,
2007,MMR,NEW HAMPSHIRE,2,96.6,,
2008,MMR,NEW HAMPSHIRE,5,81,,
2009,MMR,NEW HAMPSHIRE,0,,,
2010,MMR,NEW HAMPSHIRE,3,,,
2011,MMR,NEW HAMPSHIRE,0,,13022,100
2012,MMR,NEW HAMPSHIRE,0,,12943,99.2
2013,MMR,NEW HAMPSHIRE,1,94.7,13240,100
2014,MMR,NEW HAMPSHIRE,2,91.4,12422,98.9
2015,MMR,NEW HAMPSHIRE,2,91.9,11852,99.8
2016,MMR,NEW HAMPSHIRE,11,91.5,12145,100
2017,MMR,NEW HAMPSHIRE,1,92.4,12165,100
2018,MMR,NEW HAMPSHIRE,3,91.8,12421,100
2019,MMR,NEW HAMPSHIRE,0,91.5,12447,100
2020,MMR,NEW HAMPSHIRE,8,90.8,10242,57
2021,MMR,NEW HAMPSHIRE,0,88.7,12157,100
2022,MMR,NEW HAMPSHIRE,,89.4,11332,100
2023,MMR,NEW HAMPSHIRE,,89.2,11871,100
2024,MMR,NEW HAMPSHIRE,,89.2,11713,100
2025,MMR,NEW HAMPSHIRE,,88.2,11544,100
1995,MMR,NEW JERSEY,,75,,
1996,MMR,NEW JERSEY,,90,,
1997,MMR,NEW JERSEY,1,93,,
1998,MMR,NEW JERSEY,,96.1,,
1999,MMR,NEW JERSEY,,80.9,,
2000,MMR,NEW JERSEY,4,88.5,,
2001,MMR,NEW JERSEY,2,91.1,,
2002,MMR,NEW JERSEY,3,81.9,,
2003,MMR,NEW JERSEY,6,77,,
2004,MMR,NEW JERSEY,8,84.1,,
2005,MMR,NEW JERSEY,9,79.3,,
2006,MMR,NEW JERSEY,12,91.3,,
2007,MMR,NEW JERSEY,2,91.2,,
2008,MMR,NEW JERSEY,13,68.5,,
2009,MMR,NEW JERSEY,200,,118347,95.1
2010,MMR,NEW JERSEY,354,,,
2011,MMR,NEW JERSEY,13,,118669,96.6
2012,MMR,NEW JERSEY,0,97,122516,96.7
2013,MMR,NEW JERSEY,80,96.8,123085,95.4
2014,MMR,NEW JERSEY,39,92.3,120471,93.9
2015,MMR,NEW JERSEY,27,96.3,110116,100
2016,MMR,NEW JERSEY,42,96.5,109577,100
2017,MMR,NEW JERSEY,41,96.1,107630,100
2018,MMR,NEW JERSEY,36,95,109161,100
2019,MMR,NEW JERSEY,60,95.9,107900,100
2020,MMR,NEW JERSEY,9,94.3,100144,100
2021,MMR,NEW JERSEY,2,94.1,104240,100
2022,MMR,NEW JERSEY,,94.3,104468,100
2023,MMR,NEW JERSEY,,93.2,105408,100
2024,MMR,NEW JERSEY,,92.8,104339,100
2025,MMR,NEW JERSEY,,92.5,101602,92.3
1995,MMR,NEW MEXICO,,77,,
1996,MMR,NEW MEXICO,,92,,
1997,MMR,NEW MEXICO,,87,,
1998,MMR,NEW MEXICO,,85.9,,
1999,MMR,NEW MEXICO,,75.6,,
2000,MMR,NEW MEXICO,1,83,,
2001,MMR,NEW MEXICO,2,87.7,,
2002,MMR,NEW MEXICO,1,68.1,,
2003,MMR,NEW MEXICO,1,77.6,,
2004,MMR,NEW MEXICO,0,84.8,,
2005,MMR,NEW MEXICO,0,81.5,,
2006,MMR,NEW MEXICO,3,89.2,,
2007,MMR,NEW MEXICO,0,90.6,,
2008,MMR,NEW MEXICO,0,77,,
2009,MMR,NEW MEXICO,1,97.6,26318,2.2
2010,MMR,NEW MEXICO,2,,,
2011,MMR,NEW MEXICO,1,95.7,29159,2
2012,MMR,NEW MEXICO,0,93.9,29279,3.3
2013,MMR,NEW MEXICO,1,95.9,30725,2.7
2014,MMR,NEW MEXICO,2,97.7,29918,3.3
2015,MMR,NEW MEXICO,1,96.2,29049,2.7
2016,MMR,NEW MEXICO,2,95.5,27119,4.5
2017,MMR,NEW MEXICO,1,94.8,26896,99.6
2018,MMR,NEW MEXICO,6,96.1,25269,99.6
2019,MMR,NEW MEXICO,43,97,23087,100
2020,MMR,NEW MEXICO,0,95.7,20589,100
2021,MMR,NEW MEXICO,4,94.3,20736,100
2022,MMR,NEW MEXICO,,94.9,21068,100
2023,MMR,NEW MEXICO,,95,20699,100
2024,MMR,NEW MEXICO,,94.8,20180,100
2025,MMR,NEW MEXICO,,95.1,19843,100
1995,MMR,NEW YORK,,79,,
1996,MMR,NEW YORK,,94,,
1997,MMR,NEW YORK,,94,,
1998,MMR,NEW YORK,,95.1,,
1999,MMR,NEW YORK,,83.4,,
2000,MMR,NEW YORK,20,94.1,,
2001,MMR,NEW YORK,17,92.5,,
2002,MMR,NEW YORK,9,81.8,,
2003,MMR,NEW YORK,15,83.5,,
2004,MMR,NEW YORK,26,84.6,,
2005,MMR,NEW YORK,47,85,,
2006,MMR,NEW YORK,70,95.5,,
2007,MMR,NEW YORK,45,93.6,,
2008,MMR,NEW YORK,37,73.3,,
2009,MMR,NEW YORK,1453,97.6,229273,100
2010,MMR,NEW YORK,1724,,,
2011,MMR,NEW YORK,39,96.9,236016,100
2012,MMR,NEW YORK,26,96.6,239484,100
2013,MMR,NEW YORK,45,96.8,240318,100
2014,MMR,NEW YORK,15,98.2,237045,100
2015,MMR,NEW YORK,23,95.6,232521,100
2016,MMR,NEW YORK,386,97.3,227050,100
2017,MMR,NEW YORK,545,97.2,226456,100
2018,MMR,NEW YORK,276,97.2,220495,100
2019,MMR,NEW YORK,206,98.6,234165,99.9
2020,MMR,NEW YORK,97,98.3,216804,91.5
2021,MMR,NEW YORK,16,98,195377,99.3
2022,MMR,NEW YORK,,97.9,205906,96.6
2023,MMR,NEW YORK,,97.7,200894,98.8
2024,MMR,NEW YORK,,97.8,234054,85.1
2025,MMR,NEW YORK,,97.7,203514,95.8
1995,MMR,NORTH CAROLINA,,81,,
1996,MMR,NORTH CAROLINA,21,89,,
1997,MMR,NORTH CAROLINA,11,94,,
1998,MMR,NORTH CAROLINA,11,95.6,,
1999,MMR,NORTH CAROLINA,9,81.8,,
2000,MMR,NORTH CAROLINA,7,94.8,,
2001,MMR,NORTH CAROLINA,5,96.4,,
2002,MMR,NORTH CAROLINA,3,86.9,,
2003,MMR,NORTH CAROLINA,2,89.4,,
2004,MMR,NORTH CAROLINA,5,82.5,,
2005,MMR,NORTH CAROLINA,13,89.1,,
2006,MMR,NORTH CAROLINA,43,97.5,,
2007,MMR,NORTH CAROLINA,28,96.9,,
2008,MMR,NORTH CAROLINA,6,70.8,,
2009,MMR,NORTH CAROLINA,4,,116087,96
2010,MMR,NORTH CAROLINA,10,,,
2011,MMR,NORTH CAROLINA,9,,128854,95.4
2012,MMR,NORTH CAROLINA,1,,130612,97.3
2013,MMR,NORTH CAROLINA,3,,126084,97.7
2014,MMR,NORTH CAROLINA,2,96.5,129792,95
2015,MMR,NORTH CAROLINA,4,97.3,128290,92
2016,MMR,NORTH CAROLINA,35,96.2,126454,88.2
2017,MMR,NORTH CAROLINA,37,97,127197,90.9
2018,MMR,NORTH CAROLINA,11,93.2,124343,90.9
2019,MMR,NORTH CAROLINA,86,95.5,124548,97.8
2020,MMR,NORTH CAROLINA,19,95.2,120995,89
2021,MMR,NORTH CAROLINA,2,96.1,118191,78.5
2022,MMR,NORTH CAROLINA,,94,125679,83.1
2023,MMR,NORTH CAROLINA,,93.8,125964,90.8
2024,MMR,NORTH CAROLINA,,94.2,124028,91
2025,MMR,NORTH CAROLINA,,93.7,120045,90.1
1995,MMR,NORTH DAKOTA,,82,,
1996,MMR,NORTH DAKOTA,2,90,,
1997,MMR,NORTH DAKOTA,,91,,
1998,MMR,NORTH DAKOTA,1,87.6,,
1999,MMR,NORTH DAKOTA,1,83,,
2000,MMR,NORTH DAKOTA,1,91.6,,
2001,MMR,NORTH DAKOTA,0,92.5,,
2002,MMR,NORTH DAKOTA,2,78.8,,
2003,MMR,NORTH DAKOTA,0,82.5,,
2004,MMR,NORTH DAKOTA,1,84.7,,
2005,MMR,NORTH DAKOTA,3,86.6,,
2006,MMR,NORTH DAKOTA,14,91.7,,
2007,MMR,NORTH DAKOTA,3,95.2,,
2008,MMR,NORTH DAKOTA,2,69.8,,
2009,MMR,NORTH DAKOTA,0,92.2,8323,6
2010,MMR,NORTH DAKOTA,0,,,
2011,MMR,NORTH DAKOTA,1,90.6,8412,5.8
2012,MMR,NORTH DAKOTA,0,89.9,9503,4.9
2013,MMR,NORTH DAKOTA,1,90,9780,96.1
2014,MMR,NORTH DAKOTA,1,89.8,10017,99.9
2015,MMR,NORTH DAKOTA,0,90.7,9875,97.1
2016,MMR,NORTH DAKOTA,10,93.8,9799,98.7
2017,MMR,NORTH DAKOTA,10,94.2,10365,99.4
2018,MMR,NORTH DAKOTA,0,93.6,10382,99.4
2019,MMR,NORTH DAKOTA,18,94.8,10587,99.5
2020,MMR,NORTH DAKOTA,3,93.3,10116,99.1
2021,MMR,NORTH DAKOTA,1,91.5,10755,96.6
2022,MMR,NORTH DAKOTA,,92,10554,99.4
2023,MMR,NORTH DAKOTA,,90.9,9708,97.5
2024,MMR,NORTH DAKOTA,,90,9659,98.8
2025,MMR,NORTH DAKOTA,,88.5,9344,98.6
1995,MMR,OHIO,,74,,
1996,MMR,OHIO,48,93,,
1997,MMR,OHIO,34,89,,
1998,MMR,OHIO,22,91.5,,
1999,MMR,OHIO,19,79.1,,
2000,MMR,OHIO,4,89.1,,
2001,MMR,OHIO,1,91.8,,
2002,MMR,OHIO,11,77.9,,
2003,MMR,OHIO,7,84.4,,
2004,MMR,OHIO,11,83.1,,
2005,MMR,OHIO,8,85.4,,
2006,MMR,OHIO,45,93.6,,
2007,MMR,OHIO,20,90.7,,
2008,MMR,OHIO,23,81.8,,
2009,MMR,OHIO,6,88.6,131137,100
2010,MMR,OHIO,24,,,
2011,MMR,OHIO,17,96.1,146144,94.5
2012,MMR,OHIO,6,96.3,163687,86.9
2013,MMR,OHIO,12,96.2,150000,92.5
2014,MMR,OHIO,543,91.9,149080,91
2015,MMR,OHIO,21,92.1,144604,93.7
2016,MMR,OHIO,71,92.6,137542,95.5
2017,MMR,OHIO,50,92.1,138753,94.9
2018,MMR,OHIO,40,91.6,139679,94.9
2019,MMR,OHIO,64,92.4,139103,98.8
2020,MMR,OHIO,13,89.6,128535,91.1
2021,MMR,OHIO,9,88.3,139077,91.9
2022,MMR,OHIO,,89.3,134893,93.7
2023,MMR,OHIO,,89.2,133716,94
2024,MMR,OHIO,,88.3,131589,93.2
2025,MMR,OHIO,,88.1,129087,95.9
1995,MMR,OKLAHOMA,,76,,
1996,MMR,OKLAHOMA,,89,,
1997,MMR,OKLAHOMA,,88,,
1998,MMR,OKLAHOMA,3,94.1,,
1999,MMR,OKLAHOMA,,74,,
2000,MMR,OKLAHOMA,3,89.6,,
2001,MMR,OKLAHOMA,0,93.8,,
2002,MMR,OKLAHOMA,2,69.6,,
2003,MMR,OKLAHOMA,2,73.7,,
2004,MMR,OKLAHOMA,1,74.8,,
2005,MMR,OKLAHOMA,2,77.3,,
2006,MMR,OKLAHOMA,10,94,,
2007,MMR,OKLAHOMA,8,89.9,,
2008,MMR,OKLAHOMA,1,71.7,,
2009,MMR,OKLAHOMA,3,97.3,51128,88.9
2010,MMR,OKLAHOMA,1,,,
2011,MMR,OKLAHOMA,3,95,52987,90.9
2012,MMR,OKLAHOMA,1,90.5,56943,95.5
2013,MMR,OKLAHOMA,1,96.4,57377,71.3
2014,MMR,OKLAHOMA,2,90.3,56967,95.9
2015,MMR,OKLAHOMA,1,94.4,54335,96.1
2016,MMR,OKLAHOMA,505,,52184,0
2017,MMR,OKLAHOMA,177,92.6,53898,92.1
2018,MMR,OKLAHOMA,15,92.2,54806,92.1
2019,MMR,OKLAHOMA,10,93,55348,85.6
2020,MMR,OKLAHOMA,2,90.5,52656,90
2021,MMR,OKLAHOMA,0,90.9,54042,84.3
2022,MMR,OKLAHOMA,,89.6,52548,89.5
2023,MMR,OKLAHOMA,,88.3,49979,93.8
2024,MMR,OKLAHOMA,,88.7,47544,86.7
2025,MMR,OKLAHOMA,,87.8,47844,90.7
1995,MMR,OREGON,,74,,
1996,MMR,OREGON,,86,,
1997,MMR,OREGON,1,88,,
1998,MMR,OREGON,,89.8,,
1999,MMR,OREGON,,73.2,,
2000,MMR,OREGON,,91.1,,
2001,MMR,OREGON,,89.4,,
2002,MMR,OREGON,0,74.8,,
2003,MMR,OREGON,,79.9,,
2004,MMR,OREGON,0,81.8,,
2005,MMR,OREGON,,76.1,,
2006,MMR,OREGON,19,88.7,,
2007,MMR,OREGON,1,88.9,,
2008,MMR,OREGON,1,71,,
2009,MMR,OREGON,2,94.4,44676,100
2010,MMR,OREGON,3,,,
2011,MMR,OREGON,4,94,45855,100
2012,MMR,OREGON,1,93.5,47102,100
2013,MMR,OREGON,3,93.2,47649,100
2014,MMR,OREGON,1,94.1,46229,100
2015,MMR,OREGON,1,93.9,45531,100
2016,MMR,OREGON,27,93.8,45705,100
2017,MMR,OREGON,67,93.2,45818,100
2018,MMR,OREGON,17,93,45870,100
2019,MMR,OREGON,31,93.4,45959,100
2020,MMR,OREGON,2,92.7,39568,100
2021,MMR,OREGON,5,93,41538,100
2022,MMR,OREGON,,91.9,40963,100
2023,MMR,OREGON,,91.2,39568,100
2024,MMR,OREGON,,90.5,38247,100
2025,MMR,OREGON,,89.6,37309,100
1995,MMR,PENNSYLVANIA,,78,,
1996,MMR,PENNSYLVANIA,28,92,,
1997,MMR,PENNSYLVANIA,35,91,,
1998,MMR,PENNSYLVANIA,12,94.4,,
1999,MMR,PENNSYLVANIA,15,86.6,,
2000,MMR,PENNSYLVANIA,4,92,,
2001,MMR,PENNSYLVANIA,1,95.5,,
2002,MMR,PENNSYLVANIA,22,78.7,,
2003,MMR,PENNSYLVANIA,9,87.7,,
2004,MMR,PENNSYLVANIA,13,87.3,,
2005,MMR,PENNSYLVANIA,8,84.5,,
2006,MMR,PENNSYLVANIA,117,94.7,,
2007,MMR,PENNSYLVANIA,23,93.8,,
2008,MMR,PENNSYLVANIA,21,77.7,,
2009,MMR,PENNSYLVANIA,15,86.9,149656,100
2010,MMR,PENNSYLVANIA,69,,,
2011,MMR,PENNSYLVANIA,2,86.9,148042,99
2012,MMR,PENNSYLVANIA,3,87,151364,97.5
2013,MMR,PENNSYLVANIA,8,85.3,151253,100
2014,MMR,PENNSYLVANIA,9,91.7,146378,98.3
2015,MMR,PENNSYLVANIA,3,95.5,143298,93.2
2016,MMR,PENNSYLVANIA,15,93.6,143888,84.4
2017,MMR,PENNSYLVANIA,116,96.7,141571,93.3
2018,MMR,PENNSYLVANIA,145,96.4,143560,93.3
2019,MMR,PENNSYLVANIA,470,96.6,140197,98.8
2020,MMR,PENNSYLVANIA,24,95.5,129307,95
2021,MMR,PENNSYLVANIA,7,95,139558,94.9
2022,MMR,PENNSYLVANIA,,94,137259,97.2
2023,MMR,PENNSYLVANIA,,93.5,137593,96.5
2024,MMR,PENNSYLVANIA,,92.4,140160,95.3
2025,MMR,PENNSYLVANIA,,92.7,134313,95.7
1995,MMR,RHODE ISLAND,,83,,
1996,MMR,RHODE ISLAND,1,96,,
1997,MMR,RHODE ISLAND,6,95,,
1998,MMR,RHODE ISLAND,1,96.5,,
1999,MMR,RHODE ISLAND,2,90.4,,
2000,MMR,RHODE ISLAND,1,93.1,,
2001,MMR,RHODE ISLAND,0,94.8,,
2002,MMR,RHODE ISLAND,0,90.1,,
2003,MMR,RHODE ISLAND,0,88.9,,
2004,MMR,RHODE ISLAND,0,90.9,,
2005,MMR,RHODE ISLAND,0,85.7,,
2006,MMR,RHODE ISLAND,4,96.2,,
2007,MMR,RHODE ISLAND,1,94.7,,
2008,MMR,RHODE ISLAND,0,77.5,,
2009,MMR,RHODE ISLAND,3,92.1,11818,11.6
2010,MMR,RHODE ISLAND,0,,,
2011,MMR,RHODE ISLAND,5,91.7,12552,13.9
2012,MMR,RHODE ISLAND,2,94.2,12552,75.2
2013,MMR,RHODE ISLAND,2,95.1,11521,99.1
2014,MMR,RHODE ISLAND,0,95.7,11163,98.9
2015,MMR,RHODE ISLAND,2,96.4,11165,100
2016,MMR,RHODE ISLAND,1,95.1,11100,98.4
2017,MMR,RHODE ISLAND,29,96.4,11025,100
2018,MMR,RHODE ISLAND,2,97.4,10964,100
2019,MMR,RHODE ISLAND,8,97.7,11219,98.5
2020,MMR,RHODE ISLAND,0,97,10402,93
2021,MMR,RHODE ISLAND,3,97.3,11002,96.9
2022,MMR,RHODE ISLAND,,96.9,10532,96.5
2023,MMR,RHODE ISLAND,,97.1,10539,97.8
2024,MMR,RHODE ISLAND,,96.7,10088,96.7
2025,MMR,RHODE ISLAND,,96.7,10123,97.1
1995,MMR,SOUTH CAROLINA,1,80,,
1996,MMR,SOUTH CAROLINA,6,95,,
1997,MMR,SOUTH CAROLINA,8,91,,
1998,MMR,SOUTH CAROLINA,7,94.4,,
1999,MMR,SOUTH CAROLINA,5,81.1,,
2000,MMR,SOUTH CAROLINA,11,92.1,,
2001,MMR,SOUTH CAROLINA,4,94.7,,
2002,MMR,SOUTH CAROLINA,3,80.5,,
2003,MMR,SOUTH CAROLINA,5,85.5,,
2004,MMR,SOUTH CAROLINA,5,82.8,,
2005,MMR,SOUTH CAROLINA,1,79.2,,
2006,MMR,SOUTH CAROLINA,10,93.9,,
2007,MMR,SOUTH CAROLINA,2,92.5,,
2008,MMR,SOUTH CAROLINA,0,78.4,,
2009,MMR,SOUTH CAROLINA,2,87.2,53725,10.2
2010,MMR,SOUTH CAROLINA,4,,,
2011,MMR,SOUTH CAROLINA,3,94.5,59307,10.7
2012,MMR,SOUTH CAROLINA,1,90.9,61799,17.9
2013,MMR,SOUTH CAROLINA,2,96.8,61661,11
2014,MMR,SOUTH CAROLINA,2,96.5,62864,12.2
2015,MMR,SOUTH CAROLINA,0,96.5,59240,8.9
2016,MMR,SOUTH CAROLINA,4,96,59177,8.9
2017,MMR,SOUTH CAROLINA,1,96.3,58458,27
2018,MMR,SOUTH CAROLINA,5,94.2,58442,27
2019,MMR,SOUTH CAROLINA,118,95,65938,27.5
2020,MMR,SOUTH CAROLINA,26,94.4,56330,26.5
2021,MMR,SOUTH CAROLINA,1,92.7,58276,27.2
2022,MMR,SOUTH CAROLINA,,93.2,58878,28.1
2023,MMR,SOUTH CAROLINA,,92.1,58069,26.7
2024,MMR,SOUTH CAROLINA,,91.2,57718,34.3
2025,MMR,SOUTH CAROLINA,,93.4,57542,26.2
1995,MMR,SOUTH DAKOTA,,80,,
1996,MMR,SOUTH DAKOTA,,92,,
1997,MMR,SOUTH DAKOTA,,91,,
1998,MMR,SOUTH DAKOTA,,90.5,,
1999,MMR,SOUTH DAKOTA,,83.4,,
2000,MMR,SOUTH DAKOTA,0,91.3,,
2001,MMR,SOUTH DAKOTA,0,93.7,,
2002,MMR,SOUTH DAKOTA,0,82,,
2003,MMR,SOUTH DAKOTA,0,83.4,,
2004,MMR,SOUTH DAKOTA,0,89.2,,
2005,MMR,SOUTH DAKOTA,0,88.4,,
2006,MMR,SOUTH DAKOTA,206,94.4,,
2007,MMR,SOUTH DAKOTA,6,95,,
2008,MMR,SOUTH DAKOTA,1,77.4,,
2009,MMR,SOUTH DAKOTA,2,96.8,11499,100
2010,MMR,SOUTH DAKOTA,2,,,
2011,MMR,SOUTH DAKOTA,0,97.4,12127,100
2012,MMR,SOUTH DAKOTA,0,97.9,12468,100
2013,MMR,SOUTH DAKOTA,0,96.6,12566,100
2014,MMR,SOUTH DAKOTA,0,97.1,12008,100
2015,MMR,SOUTH DAKOTA,0,96.5,12181,100
2016,MMR,SOUTH DAKOTA,2,96.7,12106,99.8
2017,MMR,SOUTH DAKOTA,0,96.6,12125,99.9
2018,MMR,SOUTH DAKOTA,0,96.2,12062,99.9
2019,MMR,SOUTH DAKOTA,12,96,12367,99.8
2020,MMR,SOUTH DAKOTA,0,94.6,11512,99.9
2021,MMR,SOUTH DAKOTA,0,93.7,12251,100
2022,MMR,SOUTH DAKOTA,,92.5,12081,100
2023,MMR,SOUTH DAKOTA,,90.8,11744,99.8
2024,MMR,SOUTH DAKOTA,,90,11367,99.3
2025,MMR,SOUTH DAKOTA,,89.3,11009,100
1995,MMR,TENNESSEE,,74,,
1996,MMR,TENNESSEE,2,90,,
1997,MMR,TENNESSEE,4,90,,
1998,MMR,TENNESSEE,1,93.2,,
1999,MMR,TENNESSEE,,79.5,,
2000,MMR,TENNESSEE,2,90.6,,
2001,MMR,TENNESSEE,1,94.2,,
2002,MMR,TENNESSEE,3,80.5,,
2003,MMR,TENNESSEE,5,81.1,,
2004,MMR,TENNESSEE,4,84.3,,
2005,MMR,TENNESSEE,3,84.4,,
2006,MMR,TENNESSEE,11,93.3,,
2007,MMR,TENNESSEE,0,94.5,,
2008,MMR,TENNESSEE,2,81.2,,
2009,MMR,TENNESSEE,5,97.4,90811,88.1
2010,MMR,TENNESSEE,3,,,
2011,MMR,TENNESSEE,1,97.3,83950,99.9
2012,MMR,TENNESSEE,3,94.5,85801,97
2013,MMR,TENNESSEE,5,94.9,80212,99.8
2014,MMR,TENNESSEE,2,95.1,78276,100
2015,MMR,TENNESSEE,3,93.5,79233,100
2016,MMR,TENNESSEE,2,96.9,78169,100
2017,MMR,TENNESSEE,70,96.9,78743,100
2018,MMR,TENNESSEE,11,96.5,78630,100
2019,MMR,TENNESSEE,38,96.8,80595,100
2020,MMR,TENNESSEE,5,96.6,73819,100
2021,MMR,TENNESSEE,0,95.8,79120,100
2022,MMR,TENNESSEE,,95.4,79692,100
2023,MMR,TENNESSEE,,95.1,79323,95.8
2024,MMR,TENNESSEE,,94.4,78299,96.7
2025,MMR,TENNESSEE,,94.4,73415,97.4
1995,MMR,TEXAS,,76,,
1996,MMR,TEXAS,22,89,,
1997,MMR,TEXAS,31,89,,
1998,MMR,TEXAS,22,89.8,,
1999,MMR,TEXAS,17,74.7,,
2000,MMR,TEXAS,6,87.2,,
2001,MMR,TEXAS,6,90.4,,
2002,MMR,TEXAS,15,71.3,,
2003,MMR,TEXAS,18,78.1,,
2004,MMR,TEXAS,23,75.4,,
2005,MMR,TEXAS,25,81.5,,
2006,MMR,TEXAS,58,92,,
2007,MMR,TEXAS,21,90.4,,
2008,MMR,TEXAS,20,77.8,,
2009,MMR,TEXAS,40,98.1,381425,98.3
2010,MMR,TEXAS,121,,,
2011,MMR,TEXAS,27,99.3,388178,100
2012,MMR,TEXAS,12,97.5,414688,96.6
2013,MMR,TEXAS,7,97.5,409255,97.1
2014,MMR,TEXAS,9,97.4,406099,98.3
2015,MMR,TEXAS,9,97.6,394801,98.7
2016,MMR,TEXAS,191,97.3,389999,99
2017,MMR,TEXAS,470,96.9,387981,99.4
2018,MMR,TEXAS,264,96.9,390034,99.4
2019,MMR,TEXAS,776,96.9,398680,99.6
2020,MMR,TEXAS,17,95.3,377840,98.9
2021,MMR,TEXAS,15,94,389037,99.3
2022,MMR,TEXAS,,94.2,381680,98
2023,MMR,TEXAS,,94.3,381421,92.4
2024,MMR,TEXAS,,93.2,378860,97.3
2025,MMR,TEXAS,,93.2,358586,98.3
1995,MMR,UTAH,,68,,
1996,MMR,UTAH,2,86,,
1997,MMR,UTAH,9,86,,
1998,MMR,UTAH,6,90.7,,
1999,MMR,UTAH,4,81.7,,
2000,MMR,UTAH,4,89.7,,
2001,MMR,UTAH,1,89.1,,
2002,MMR,UTAH,7,79.9,,
2003,MMR,UTAH,5,80.4,,
2004,MMR,UTAH,2,75.4,,
2005,MMR,UTAH,7,75.7,,
2006,MMR,UTAH,5,92.4,,
2007,MMR,UTAH,1,90.9,,
2008,MMR,UTAH,4,76.6,,
2009,MMR,UTAH,4,97.7,49957,100
2010,MMR,UTAH,3,,,
2011,MMR,UTAH,0,98,53800,100
2012,MMR,UTAH,3,96.3,54605,100
2013,MMR,UTAH,2,98.5,54779,100
2014,MMR,UTAH,2,94,50916,100
2015,MMR,UTAH,0,94.2,50114,100
2016,MMR,UTAH,2,93.8,49073,100
2017,MMR,UTAH,40,93.4,48827,100
2018,MMR,UTAH,12,92.8,50179,100
2019,MMR,UTAH,26,92.7,49208,100
2020,MMR,UTAH,3,91.4,46247,100
2021,MMR,UTAH,3,90,48995,100
2022,MMR,UTAH,,90,46635,100
2023,MMR,UTAH,,88.8,46228,100
2024,MMR,UTAH,,88.6,45818,100
2025,MMR,UTAH,,87.2,44001,100
1995,MMR,VERMONT,,86,,
1996,MMR,VERMONT,,93,,
1997,MMR,VERMONT,,94,,
1998,MMR,VERMONT,,96.4,,
1999,MMR,VERMONT,,90.7,,
2000,MMR,VERMONT,0,93.1,,
2001,MMR,VERMONT,0,95.6,,
2002,MMR,VERMONT,0,87.7,,
2003,MMR,VERMONT,0,89.7,,
2004,MMR,VERMONT,0,89.6,,
2005,MMR,VERMONT,0,83.4,,
2006,MMR,VERMONT,0,95.1,,
2007,MMR,VERMONT,0,93.6,,
2008,MMR,VERMONT,1,64.5,,
2009,MMR,VERMONT,2,91.8,6713,100
2010,MMR,VERMONT,5,,,
2011,MMR,VERMONT,1,92.9,6548,100
2012,MMR,VERMONT,0,92.8,6792,100
2013,MMR,VERMONT,1,91.2,6771,100
2014,MMR,VERMONT,0,92.7,6277,100
2015,MMR,VERMONT,1,93.6,6366,100
2016,MMR,VERMONT,0,93.6,6344,100
2017,MMR,VERMONT,1,94.1,6255,100
2018,MMR,VERMONT,15,93,6126,100
2019,MMR,VERMONT,2,94.5,6293,100
2020,MMR,VERMONT,2,94,5535,100
2021,MMR,VERMONT,1,93.4,6126,100
2022,MMR,VERMONT,,93.1,5816,100
2023,MMR,VERMONT,,92.9,5630,100
2024,MMR,VERMONT,,93.5,5432,100
2025,MMR,VERMONT,,93.8,5298,100
1995,MMR,VIRGINIA,,74,,
1996,MMR,VIRGINIA,11,90,,
1997,MMR,VIRGINIA,19,90,,
1998,MMR,VIRGINIA,10,90.1,,
1999,MMR,VIRGINIA,9,81.6,,
2000,MMR,VIRGINIA,11,91.3,,
2001,MMR,VIRGINIA,6,91,,
2002,MMR,VIRGINIA,5,77.7,,
2003,MMR,VIRGINIA,1,85.8,,
2004,MMR,VIRGINIA,11,85.6,,
2005,MMR,VIRGINIA,2,86,,
2006,MMR,VIRGINIA,117,93.6,,
2007,MMR,VIRGINIA,27,90.9,,
2008,MMR,VIRGINIA,9,72.9,,
2009,MMR,VIRGINIA,9,92.1,100891,4.4
2010,MMR,VIRGINIA,13,,,
2011,MMR,VIRGINIA,13,93,101121,4.3
2012,MMR,VIRGINIA,1,93.1,104826,4.2
2013,MMR,VIRGINIA,20,93.1,105692,4.1
2014,MMR,VIRGINIA,2,93.4,103821,4.1
2015,MMR,VIRGINIA,13,95.7,100074,4.3
2016,MMR,VIRGINIA,17,94.1,102357,4
2017,MMR,VIRGINIA,45,95.5,100581,4.4
2018,MMR,VIRGINIA,176,95,100394,4.4
2019,MMR,VIRGINIA,64,94.6,99399,1.2
2020,MMR,VIRGINIA,8,95.8,88273,2
2021,MMR,VIRGINIA,7,95.5,95996,2.8
2022,MMR,VIRGINIA,,95.8,93271,1.6
2023,MMR,VIRGINIA,,94.2,92633,1.9
2024,MMR,VIRGINIA,,95.6,91453,1.7
2025,MMR,VIRGINIA,,93.6,88950,95.7
1995,MMR,WASHINGTON,,78,,
1996,MMR,WASHINGTON,21,91,,
1997,MMR,WASHINGTON,15,91,,
1998,MMR,WASHINGTON,9,90,,
1999,MMR,WASHINGTON,2,76.5,,
2000,MMR,WASHINGTON,11,90.2,,
2001,MMR,WASHINGTON,1,89.3,,
2002,MMR,WASHINGTON,0,74.7,,
2003,MMR,WASHINGTON,11,81,,
2004,MMR,WASHINGTON,2,82.4,,
2005,MMR,WASHINGTON,3,81.2,,
2006,MMR,WASHINGTON,42,88.3,,
2007,MMR,WASHINGTON,53,90.5,,
2008,MMR,WASHINGTON,14,73.5,,
2009,MMR,WASHINGTON,6,91.7,81511,93.3
2010,MMR,WASHINGTON,7,,,
2011,MMR,WASHINGTON,2,91.8,85134,89.1
2012,MMR,WASHINGTON,2,91.7,87773,94.7
2013,MMR,WASHINGTON,2,89.7,89165,88.5
2014,MMR,WASHINGTON,5,89.4,88809,96.7
2015,MMR,WASHINGTON,6,91,86492,97.3
2016,MMR,WASHINGTON,152,90.5,87142,98.2
2017,MMR,WASHINGTON,821,90.6,85118,96.9
2018,MMR,WASHINGTON,55,90.8,87510,96.9
2019,MMR,WASHINGTON,47,94.4,87757,91.9
2020,MMR,WASHINGTON,6,94.4,74931,100
2021,MMR,WASHINGTON,1,92.5,87256,97.3
2022,MMR,WASHINGTON,,91.4,86284,97.9
2023,MMR,WASHINGTON,,91.3,84053,97.2
2024,MMR,WASHINGTON,,90.9,76756,97.9
2025,MMR,WASHINGTON,,90.6,75631,99.1
1995,MMR,WEST VIRGINIA,,73,,
1996,MMR,WEST VIRGINIA,,88,,
1997,MMR,WEST VIRGINIA,2,91,,
1998,MMR,WEST VIRGINIA,,92.5,,
1999,MMR,WEST VIRGINIA,,82.1,,
2000,MMR,WEST VIRGINIA,1,92.4,,
2001,MMR,WEST VIRGINIA,0,93.8,,
2002,MMR,WEST VIRGINIA,0,79,,
2003,MMR,WEST VIRGINIA,0,78.9,,
2004,MMR,WEST VIRGINIA,1,87.7,,
2005,MMR,WEST VIRGINIA,0,78.8,,
2006,MMR,WEST VIRGINIA,24,91.2,,
2007,MMR,WEST VIRGINIA,3,96.2,,
2008,MMR,WEST VIRGINIA,1,76.5,,
2009,MMR,WEST VIRGINIA,1,91.2,22730,86.7
2010,MMR,WEST VIRGINIA,2,,,
2011,MMR,WEST VIRGINIA,1,92,22449,94.9
2012,MMR,WEST VIRGINIA,2,96.3,22588,86.5
2013,MMR,WEST VIRGINIA,0,96.1,22814,84.7
2014,MMR,WEST VIRGINIA,1,97.6,22016,81.3
2015,MMR,WEST VIRGINIA,1,95.2,21333,87.6
2016,MMR,WEST VIRGINIA,3,95.9,28666,66.5
2017,MMR,WEST VIRGINIA,2,98.4,19519,79.3
2018,MMR,WEST VIRGINIA,1,98.8,19442,79.3
2019,MMR,WEST VIRGINIA,2,98.2,17114,49.6
2020,MMR,WEST VIRGINIA,1,,,
2021,MMR,WEST VIRGINIA,1,96.5,18070,85.5
2022,MMR,WEST VIRGINIA,,95.6,19175,86.1
2023,MMR,WEST VIRGINIA,,98.3,18261,82.8
2025,MMR,WEST VIRGINIA,,98.9,15445,93.3
1995,MMR,WISCONSIN,,77,,
1996,MMR,WISCONSIN,,90,,
1997,MMR,WISCONSIN,,91,,
1998,MMR,WISCONSIN,,92.2,,
1999,MMR,WISCONSIN,,75.3,,
2000,MMR,WISCONSIN,3,91,,
2001,MMR,WISCONSIN,2,92.3,,
2002,MMR,WISCONSIN,1,83.4,,
2003,MMR,WISCONSIN,2,83.6,,
2004,MMR,WISCONSIN,1,86.3,,
2005,MMR,WISCONSIN,5,85.6,,
2006,MMR,WISCONSIN,842,94,,
2007,MMR,WISCONSIN,51,91.4,,
2008,MMR,WISCONSIN,13,79.6,,
2009,MMR,WISCONSIN,9,94.2,61095,2.3
2010,MMR,WISCONSIN,5,,,
2011,MMR,WISCONSIN,4,93.1,70672,2.3
2012,MMR,WISCONSIN,8,92.8,72416,1.8
2013,MMR,WISCONSIN,2,92.6,71363,2.8
2014,MMR,WISCONSIN,3,91.6,69335,2.5
2015,MMR,WISCONSIN,5,93.2,70220,2
2016,MMR,WISCONSIN,48,94,67607,2.2
2017,MMR,WISCONSIN,49,91.8,66178,2.3
2018,MMR,WISCONSIN,25,92.6,66344,2.3
2019,MMR,WISCONSIN,30,92.8,67391,2.6
2020,MMR,WISCONSIN,9,87.2,63486,84.5
2021,MMR,WISCONSIN,4,82.6,64275,96.8
2022,MMR,WISCONSIN,,86.5,63593,93.9
2023,MMR,WISCONSIN,,84.8,62028,98.2
2024,MMR,WISCONSIN,,84.8,61120,95.7
2025,MMR,WISCONSIN,,85.1,59360,96.6
1995,MMR,WYOMING,,74,,
1996,MMR,WYOMING,1,89,,
1997,MMR,WYOMING,1,84,,
1998,MMR,WYOMING,1,89.5,,
1999,MMR,WYOMING,,83.5,,
2000,MMR,WYOMING,1,91.4,,
2001,MMR,WYOMING,1,91.6,,
2002,MMR,WYOMING,0,76.5,,
2003,MMR,WYOMING,0,77.2,,
2004,MMR,WYOMING,1,84.9,,
2005,MMR,WYOMING,2,80.7,,
2006,MMR,WYOMING,9,87.7,,
2007,MMR,WYOMING,0,87.5,,
2008,MMR,WYOMING,0,64.6,,
2009,MMR,WYOMING,0,,,
2010,MMR,WYOMING,1,,,
2011,MMR,WYOMING,1,,,
2012,MMR,WYOMING,1,97.5,8133,100
2013,MMR,WYOMING,0,,,
2014,MMR,WYOMING,0,96.8,7983,97.9
2015,MMR,WYOMING,0,96.9,7825,74
2016,MMR,WYOMING,0,,,
2017,MMR,WYOMING,0,,,
2018,MMR,WYOMING,0,95.1,7734,100
2019,MMR,WYOMING,0,94.5,7913,100
2020,MMR,WYOMING,0,90.2,6923,100
2021,MMR,WYOMING,0,92.9,7382,100
2022,MMR,WYOMING,,90.8,7060,100
2023,MMR,WYOMING,,93.5,6754,100
2024,MMR,WYOMING,,93.6,6564,100
2025,MMR,WYOMING,,92.6,6146,100