State,Year,Mumps_Cases
ALABAMA,1923,13
ALABAMA,1924,562
ALABAMA,1925,408
ALABAMA,1926,515
ALABAMA,1927,143
ALABAMA,1928,192
ALABAMA,1929,85
ALABAMA,1930,100
ALABAMA,1931,107
ALABAMA,1932,249
ALABAMA,1967,39
ALABAMA,1968,512
ALABAMA,1969,231
ALABAMA,1970,392
ALABAMA,1971,1021
ALABAMA,1972,821
ALABAMA,1973,772
ALABAMA,1974,601
ALABAMA,1975,448
ALABAMA,1976,389
ALABAMA,1977,278
ALABAMA,1978,438
ALABAMA,1979,27
ALABAMA,1980,34
ALABAMA,1981,19
ALABAMA,1982,10
ALABAMA,1983,2
ALABAMA,1984,6
ALABAMA,1985,1
ALABAMA,1986,4
ALABAMA,1987,64
ALABAMA,1988,16
ALABAMA,1989,30
ALABAMA,1990,19
ALABAMA,1991,14
ALABAMA,1992,11
ALABAMA,1993,22
ALABAMA,1994,12
ALABAMA,1996,5
ALABAMA,1997,8
ALABAMA,1998,4
ALABAMA,1999,5
ALABAMA,2000,3
ALABAMA,2001,0
ALABAMA,2002,3
ALABAMA,2003,4
ALABAMA,2004,0
ALABAMA,2005,6
ALABAMA,2006,47
ALABAMA,2007,14
ALABAMA,2008,5
ALABAMA,2009,6
ALABAMA,2010,6
ALABAMA,2011,2
ALABAMA,2012,2
ALABAMA,2013,4
ALABAMA,2014,2
ALABAMA,2015,1
ALABAMA,2016,1
ALABAMA,2017,37
ALABAMA,2018,15
ALABAMA,2019,11
ALABAMA,2020,4
ALABAMA,2021,0
ALASKA,1967,7
ALASKA,1968,711
ALASKA,1969,920
ALASKA,1970,241
ALASKA,1971,73
ALASKA,1972,259
ALASKA,1973,869
ALASKA,1974,140
ALASKA,1975,52
ALASKA,1976,38
ALASKA,1977,34
ALASKA,1978,15
ALASKA,1979,16
ALASKA,1980,13
ALASKA,1981,19
ALASKA,1982,14
ALASKA,1983,16
ALASKA,1984,16
ALASKA,1985,10
ALASKA,1986,8
ALASKA,1987,8
ALASKA,1988,14
ALASKA,1989,1
ALASKA,1990,1
ALASKA,1991,12
ALASKA,1992,3
ALASKA,1993,7
ALASKA,1994,2
ALASKA,1996,2
ALASKA,1997,4
ALASKA,1998,2
ALASKA,1999,3
ALASKA,2000,7
ALASKA,2001,1
ALASKA,2002,0
ALASKA,2003,1
ALASKA,2004,0
ALASKA,2005,1
ALASKA,2006,3
ALASKA,2007,2
ALASKA,2008,5
ALASKA,2009,6
ALASKA,2010,1
ALASKA,2011,1
ALASKA,2012,0
ALASKA,2013,1
ALASKA,2014,2
ALASKA,2015,1
ALASKA,2016,2
ALASKA,2017,165
ALASKA,2018,226
ALASKA,2019,1
ALASKA,2020,0
ALASKA,2021,0
ARIZONA,1924,0
ARIZONA,1925,5
ARIZONA,1926,1
ARIZONA,1927,1
ARIZONA,1929,3
ARIZONA,1930,29
ARIZONA,1931,4
ARIZONA,1932,0
ARIZONA,1967,19
ARIZONA,1968,1995
ARIZONA,1969,2101
ARIZONA,1970,987
ARIZONA,1971,1232
ARIZONA,1972,1002
ARIZONA,1973,75
ARIZONA,1978,24
ARIZONA,1979,64
ARIZONA,1980,42
ARIZONA,1981,37
ARIZONA,1982,50
ARIZONA,1983,89
ARIZONA,1984,203
ARIZONA,1985,126
ARIZONA,1986,186
ARIZONA,1987,189
ARIZONA,1988,141
ARIZONA,1989,129
ARIZONA,1990,111
ARIZONA,1991,91
ARIZONA,1992,28
ARIZONA,1993,13
ARIZONA,1994,96
ARIZONA,1996,1
ARIZONA,1997,31
ARIZONA,1998,2
ARIZONA,1999,8
ARIZONA,2000,4
ARIZONA,2001,1
ARIZONA,2002,0
ARIZONA,2003,1
ARIZONA,2004,7
ARIZONA,2005,1
ARIZONA,2006,40
ARIZONA,2007,19
ARIZONA,2008,5
ARIZONA,2009,10
ARIZONA,2010,5
ARIZONA,2011,1
ARIZONA,2012,3
ARIZONA,2013,1
ARIZONA,2014,12
ARIZONA,2015,2
ARIZONA,2016,7
ARIZONA,2017,34
ARIZONA,2018,15
ARIZONA,2019,103
ARIZONA,2020,13
ARIZONA,2021,2
ARKANSAS,1923,0
ARKANSAS,1924,171
ARKANSAS,1925,107
ARKANSAS,1926,26
ARKANSAS,1927,104
ARKANSAS,1928,111
ARKANSAS,1929,114
ARKANSAS,1930,25
ARKANSAS,1931,53
ARKANSAS,1932,103
ARKANSAS,1968,19
ARKANSAS,1969,89
ARKANSAS,1970,156
ARKANSAS,1971,157
ARKANSAS,1972,193
ARKANSAS,1973,335
ARKANSAS,1974,184
ARKANSAS,1975,184
ARKANSAS,1976,81
ARKANSAS,1977,151
ARKANSAS,1978,629
ARKANSAS,1979,641
ARKANSAS,1980,26
ARKANSAS,1981,7
ARKANSAS,1982,7
ARKANSAS,1983,2
ARKANSAS,1984,8
ARKANSAS,1985,7
ARKANSAS,1986,184
ARKANSAS,1987,71
ARKANSAS,1988,54
ARKANSAS,1989,205
ARKANSAS,1990,137
ARKANSAS,1991,44
ARKANSAS,1992,8
ARKANSAS,1993,3
ARKANSAS,1994,5
ARKANSAS,1996,1
ARKANSAS,1998,8
ARKANSAS,2000,5
ARKANSAS,2001,1
ARKANSAS,2002,0
ARKANSAS,2003,0
ARKANSAS,2004,0
ARKANSAS,2005,2
ARKANSAS,2006,8
ARKANSAS,2007,4
ARKANSAS,2008,5
ARKANSAS,2009,4
ARKANSAS,2010,5
ARKANSAS,2011,4
ARKANSAS,2012,1
ARKANSAS,2013,3
ARKANSAS,2014,1
ARKANSAS,2015,4
ARKANSAS,2016,2411
ARKANSAS,2017,542
ARKANSAS,2018,13
ARKANSAS,2019,75
ARKANSAS,2020,9
ARKANSAS,2021,0
CALIFORNIA,1923,0
CALIFORNIA,1924,757
CALIFORNIA,1925,1915
CALIFORNIA,1926,1406
CALIFORNIA,1927,2904
CALIFORNIA,1928,2785
CALIFORNIA,1929,2683
CALIFORNIA,1930,4270
CALIFORNIA,1931,884
CALIFORNIA,1932,780
CALIFORNIA,1967,247
CALIFORNIA,1968,16766
CALIFORNIA,1969,7898
CALIFORNIA,1970,6225
CALIFORNIA,1971,7370
CALIFORNIA,1972,7063
CALIFORNIA,1973,5652
CALIFORNIA,1974,2547
CALIFORNIA,1975,3601
CALIFORNIA,1976,1768
CALIFORNIA,1977,831
CALIFORNIA,1978,533
CALIFORNIA,1979,447
CALIFORNIA,1980,409
CALIFORNIA,1981,402
CALIFORNIA,1982,410
CALIFORNIA,1983,301
CALIFORNIA,1984,358
CALIFORNIA,1985,378
CALIFORNIA,1986,302
CALIFORNIA,1987,347
CALIFORNIA,1988,430
CALIFORNIA,1989,254
CALIFORNIA,1990,450
CALIFORNIA,1991,383
CALIFORNIA,1992,213
CALIFORNIA,1993,166
CALIFORNIA,1994,131
CALIFORNIA,1996,78
CALIFORNIA,1997,68
CALIFORNIA,1998,49
CALIFORNIA,1999,38
CALIFORNIA,2000,52
CALIFORNIA,2001,26
CALIFORNIA,2002,70
CALIFORNIA,2003,58
CALIFORNIA,2004,55
CALIFORNIA,2005,47
CALIFORNIA,2006,31
CALIFORNIA,2007,42
CALIFORNIA,2008,31
CALIFORNIA,2009,16
CALIFORNIA,2010,29
CALIFORNIA,2011,5
CALIFORNIA,2012,1
CALIFORNIA,2013,8
CALIFORNIA,2014,5
CALIFORNIA,2015,33
CALIFORNIA,2016,93
CALIFORNIA,2017,190
CALIFORNIA,2018,139
CALIFORNIA,2019,354
CALIFORNIA,2020,76
CALIFORNIA,2021,15
COLORADO,1923,0
COLORADO,1924,521
COLORADO,1925,1715
COLORADO,1926,46
COLORADO,1927,196
COLORADO,1928,2379
COLORADO,1929,731
COLORADO,1930,1801
COLORADO,1931,767
COLORADO,1932,1020
COLORADO,1968,2821
COLORADO,1969,848
COLORADO,1970,1535
COLORADO,1971,1554
COLORADO,1972,822
COLORADO,1973,605
COLORADO,1974,592
COLORADO,1975,674
COLORADO,1976,282
COLORADO,1977,307
COLORADO,1978,115
COLORADO,1979,119
COLORADO,1980,64
COLORADO,1981,42
COLORADO,1982,16
COLORADO,1983,49
COLORADO,1984,31
COLORADO,1985,25
COLORADO,1986,18
COLORADO,1987,35
COLORADO,1988,33
COLORADO,1989,65
COLORADO,1990,27
COLORADO,1991,140
COLORADO,1992,31
COLORADO,1993,12
COLORADO,1994,3
COLORADO,1996,3
COLORADO,1997,3
COLORADO,1998,8
COLORADO,1999,5
COLORADO,2000,3
COLORADO,2001,2
COLORADO,2002,2
COLORADO,2003,1
COLORADO,2004,3
COLORADO,2005,6
COLORADO,2006,51
COLORADO,2007,17
COLORADO,2008,8
COLORADO,2009,6
COLORADO,2010,8
COLORADO,2011,2
COLORADO,2012,7
COLORADO,2013,4
COLORADO,2014,1
COLORADO,2015,2
COLORADO,2016,13
COLORADO,2017,83
COLORADO,2018,26
COLORADO,2019,61
COLORADO,2020,46
COLORADO,2021,0
CONNECTICUT,1923,15
CONNECTICUT,1924,1167
CONNECTICUT,1925,98
CONNECTICUT,1926,67
CONNECTICUT,1927,423
CONNECTICUT,1928,1348
CONNECTICUT,1929,257
CONNECTICUT,1930,335
CONNECTICUT,1931,655
CONNECTICUT,1932,783
CONNECTICUT,1968,3892
CONNECTICUT,1969,3928
CONNECTICUT,1970,3649
CONNECTICUT,1971,1549
CONNECTICUT,1972,1129
CONNECTICUT,1973,1588
CONNECTICUT,1974,1656
CONNECTICUT,1975,799
CONNECTICUT,1976,745
CONNECTICUT,1977,364
CONNECTICUT,1978,142
CONNECTICUT,1979,201
CONNECTICUT,1980,102
CONNECTICUT,1981,51
CONNECTICUT,1982,25
CONNECTICUT,1983,22
CONNECTICUT,1984,10
CONNECTICUT,1985,8
CONNECTICUT,1986,22
CONNECTICUT,1987,16
CONNECTICUT,1989,7
CONNECTICUT,1990,12
CONNECTICUT,1991,12
CONNECTICUT,1992,7
CONNECTICUT,1993,5
CONNECTICUT,1994,12
CONNECTICUT,1998,2
CONNECTICUT,2000,3
CONNECTICUT,2001,0
CONNECTICUT,2002,1
CONNECTICUT,2003,1
CONNECTICUT,2004,0
CONNECTICUT,2005,1
CONNECTICUT,2006,0
CONNECTICUT,2007,2
CONNECTICUT,2008,0
CONNECTICUT,2009,1
CONNECTICUT,2010,11
CONNECTICUT,2011,0
CONNECTICUT,2012,0
CONNECTICUT,2013,4
CONNECTICUT,2014,3
CONNECTICUT,2015,4
CONNECTICUT,2016,36
CONNECTICUT,2017,13
CONNECTICUT,2018,2
CONNECTICUT,2019,6
CONNECTICUT,2020,18
CONNECTICUT,2021,1
DELAWARE,1924,18
DELAWARE,1925,13
DELAWARE,1926,2
DELAWARE,1927,11
DELAWARE,1928,107
DELAWARE,1929,8
DELAWARE,1930,7
DELAWARE,1931,81
DELAWARE,1932,39
DELAWARE,1967,9
DELAWARE,1968,293
DELAWARE,1969,130
DELAWARE,1970,366
DELAWARE,1971,184
DELAWARE,1972,186
DELAWARE,1973,276
DELAWARE,1974,184
DELAWARE,1975,12
DELAWARE,1976,89
DELAWARE,1977,144
DELAWARE,1978,57
DELAWARE,1979,96
DELAWARE,1980,39
DELAWARE,1981,8
DELAWARE,1982,12
DELAWARE,1983,6
DELAWARE,1984,2
DELAWARE,1988,1
DELAWARE,1989,1
DELAWARE,1990,2
DELAWARE,1991,3
DELAWARE,1992,7
DELAWARE,1993,7
DELAWARE,2000,0
DELAWARE,2001,0
DELAWARE,2002,0
DELAWARE,2003,0
DELAWARE,2004,0
DELAWARE,2005,0
DELAWARE,2006,0
DELAWARE,2007,1
DELAWARE,2008,1
DELAWARE,2009,1
DELAWARE,2010,0
DELAWARE,2011,0
DELAWARE,2012,0
DELAWARE,2013,0
DELAWARE,2014,0
DELAWARE,2015,1
DELAWARE,2016,0
DELAWARE,2017,3
DELAWARE,2018,22
DELAWARE,2019,1
DELAWARE,2020,13
DELAWARE,2021,0
FLORIDA,1923,0
FLORIDA,1924,14
FLORIDA,1925,33
FLORIDA,1926,59
FLORIDA,1927,156
FLORIDA,1928,209
FLORIDA,1929,100
FLORIDA,1930,310
FLORIDA,1931,46
FLORIDA,1932,15
FLORIDA,1967,36
FLORIDA,1968,2227
FLORIDA,1969,1617
FLORIDA,1970,2907
FLORIDA,1971,2848
FLORIDA,1972,1375
FLORIDA,1973,2610
FLORIDA,1974,1840
FLORIDA,1975,929
FLORIDA,1976,361
FLORIDA,1977,263
FLORIDA,1978,309
FLORIDA,1979,130
FLORIDA,1980,182
FLORIDA,1981,129
FLORIDA,1982,40
FLORIDA,1984,38
FLORIDA,1985,56
FLORIDA,1986,50
FLORIDA,1987,58
FLORIDA,1988,34
FLORIDA,1989,45
FLORIDA,1990,158
FLORIDA,1991,359
FLORIDA,1992,263
FLORIDA,1993,50
FLORIDA,1994,34
FLORIDA,1996,16
FLORIDA,1997,35
FLORIDA,1998,33
FLORIDA,1999,26
FLORIDA,2000,6
FLORIDA,2001,9
FLORIDA,2002,7
FLORIDA,2003,7
FLORIDA,2004,9
FLORIDA,2005,8
FLORIDA,2006,15
FLORIDA,2007,21
FLORIDA,2008,16
FLORIDA,2009,18
FLORIDA,2010,10
FLORIDA,2011,12
FLORIDA,2012,6
FLORIDA,2013,4
FLORIDA,2014,4
FLORIDA,2015,10
FLORIDA,2016,15
FLORIDA,2017,69
FLORIDA,2018,54
FLORIDA,2019,139
FLORIDA,2020,21
FLORIDA,2021,8
GEORGIA,1923,0
GEORGIA,1924,155
GEORGIA,1925,210
GEORGIA,1926,95
GEORGIA,1927,430
GEORGIA,1928,314
GEORGIA,1929,83
GEORGIA,1930,396
GEORGIA,1931,436
GEORGIA,1932,27
GEORGIA,1968,92
GEORGIA,1969,4
GEORGIA,1970,3
GEORGIA,1971,11
GEORGIA,1972,27
GEORGIA,1973,32
GEORGIA,1974,1
GEORGIA,1975,17
GEORGIA,1976,3
GEORGIA,1977,35
GEORGIA,1978,69
GEORGIA,1979,7
GEORGIA,1980,17
GEORGIA,1981,40
GEORGIA,1982,26
GEORGIA,1983,20
GEORGIA,1984,21
GEORGIA,1985,29
GEORGIA,1986,28
GEORGIA,1987,40
GEORGIA,1988,37
GEORGIA,1989,103
GEORGIA,1990,96
GEORGIA,1991,86
GEORGIA,1992,50
GEORGIA,1993,18
GEORGIA,1994,5
GEORGIA,1996,3
GEORGIA,1997,9
GEORGIA,1998,2
GEORGIA,1999,4
GEORGIA,2000,2
GEORGIA,2001,7
GEORGIA,2002,2
GEORGIA,2003,3
GEORGIA,2004,0
GEORGIA,2005,2
GEORGIA,2006,6
GEORGIA,2007,0
GEORGIA,2008,3
GEORGIA,2009,0
GEORGIA,2010,5
GEORGIA,2011,3
GEORGIA,2012,2
GEORGIA,2013,10
GEORGIA,2014,2
GEORGIA,2015,0
GEORGIA,2016,1
GEORGIA,2017,66
GEORGIA,2018,42
GEORGIA,2019,48
GEORGIA,2020,2
GEORGIA,2021,3
HAWAII,1967,13
HAWAII,1968,987
HAWAII,1969,585
HAWAII,1970,1457
HAWAII,1971,869
HAWAII,1972,307
HAWAII,1973,266
HAWAII,1974,76
HAWAII,1975,53
HAWAII,1976,42
HAWAII,1977,41
HAWAII,1978,35
HAWAII,1979,119
HAWAII,1980,22
HAWAII,1981,25
HAWAII,1982,21
HAWAII,1983,18
HAWAII,1984,25
HAWAII,1985,17
HAWAII,1986,24
HAWAII,1987,16
HAWAII,1988,14
HAWAII,1989,17
HAWAII,1990,26
HAWAII,1991,26
HAWAII,1992,25
HAWAII,1993,24
HAWAII,1994,18
HAWAII,1996,19
HAWAII,1997,9
HAWAII,1998,7
HAWAII,1999,4
HAWAII,2000,1
HAWAII,2001,11
HAWAII,2002,22
HAWAII,2003,13
HAWAII,2004,0
HAWAII,2005,18
HAWAII,2006,6
HAWAII,2007,2
HAWAII,2008,4
HAWAII,2009,5
HAWAII,2010,5
HAWAII,2011,3
HAWAII,2012,1
HAWAII,2013,0
HAWAII,2014,1
HAWAII,2015,1
HAWAII,2016,6
HAWAII,2017,832
HAWAII,2018,236
HAWAII,2019,2
HAWAII,2020,1
HAWAII,2021,1
IDAHO,1923,0
IDAHO,1924,2
IDAHO,1925,3
IDAHO,1926,27
IDAHO,1927,85
IDAHO,1928,26
IDAHO,1929,4
IDAHO,1930,5
IDAHO,1931,19
IDAHO,1932,17
IDAHO,1967,3
IDAHO,1968,461
IDAHO,1969,207
IDAHO,1970,107
IDAHO,1971,182
IDAHO,1972,222
IDAHO,1973,131
IDAHO,1974,162
IDAHO,1975,71
IDAHO,1976,436
IDAHO,1977,127
IDAHO,1978,26
IDAHO,1979,7
IDAHO,1980,12
IDAHO,1981,8
IDAHO,1982,5
IDAHO,1983,9
IDAHO,1984,10
IDAHO,1985,10
IDAHO,1986,9
IDAHO,1987,7
IDAHO,1988,10
IDAHO,1989,37
IDAHO,1990,72
IDAHO,1991,10
IDAHO,1992,5
IDAHO,1993,5
IDAHO,1994,11
IDAHO,1997,5
IDAHO,1998,6
IDAHO,1999,3
IDAHO,2000,1
IDAHO,2001,3
IDAHO,2002,1
IDAHO,2003,1
IDAHO,2004,3
IDAHO,2005,0
IDAHO,2006,7
IDAHO,2007,7
IDAHO,2008,2
IDAHO,2009,3
IDAHO,2010,1
IDAHO,2011,2
IDAHO,2012,0
IDAHO,2013,0
IDAHO,2014,9
IDAHO,2015,10
IDAHO,2016,1
IDAHO,2017,5
IDAHO,2018,2
IDAHO,2019,1
IDAHO,2020,1
IDAHO,2021,2
ILLINOIS,1923,60
ILLINOIS,1924,3647
ILLINOIS,1925,1598
ILLINOIS,1926,1354
ILLINOIS,1927,3947
ILLINOIS,1928,1444
ILLINOIS,1929,675
ILLINOIS,1930,2361
ILLINOIS,1931,2007
ILLINOIS,1932,499
ILLINOIS,1967,72
ILLINOIS,1968,5108
ILLINOIS,1969,2845
ILLINOIS,1970,2221
ILLINOIS,1971,5070
ILLINOIS,1972,3226
ILLINOIS,1973,2843
ILLINOIS,1974,1616
ILLINOIS,1975,2830
ILLINOIS,1976,1964
ILLINOIS,1977,1390
ILLINOIS,1978,1913
ILLINOIS,1979,998
ILLINOIS,1980,408
ILLINOIS,1981,213
ILLINOIS,1982,191
ILLINOIS,1983,153
ILLINOIS,1984,197
ILLINOIS,1985,193
ILLINOIS,1986,2530
ILLINOIS,1987,2601
ILLINOIS,1988,153
ILLINOIS,1989,86
ILLINOIS,1990,1
ILLINOIS,1991,8
ILLINOIS,1992,1
ILLINOIS,1996,13
ILLINOIS,1997,8
ILLINOIS,1998,2
ILLINOIS,1999,6
ILLINOIS,2000,4
ILLINOIS,2001,9
ILLINOIS,2002,18
ILLINOIS,2003,8
ILLINOIS,2004,10
ILLINOIS,2005,10
ILLINOIS,2006,798
ILLINOIS,2007,170
ILLINOIS,2008,91
ILLINOIS,2009,47
ILLINOIS,2010,31
ILLINOIS,2011,1
ILLINOIS,2012,32
ILLINOIS,2013,26
ILLINOIS,2014,1
ILLINOIS,2015,36
ILLINOIS,2016,333
ILLINOIS,2017,281
ILLINOIS,2018,276
ILLINOIS,2019,88
ILLINOIS,2020,24
ILLINOIS,2021,15
INDIANA,1923,47
INDIANA,1924,2528
INDIANA,1925,191
INDIANA,1926,45
INDIANA,1927,968
INDIANA,1928,1940
INDIANA,1929,173
INDIANA,1930,179
INDIANA,1931,752
INDIANA,1932,2859
INDIANA,1967,57
INDIANA,1968,4157
INDIANA,1969,2760
INDIANA,1970,2428
INDIANA,1971,5170
INDIANA,1972,1186
INDIANA,1973,1770
INDIANA,1974,1343
INDIANA,1975,2278
INDIANA,1976,1558
INDIANA,1977,366
INDIANA,1978,293
INDIANA,1979,278
INDIANA,1980,159
INDIANA,1981,114
INDIANA,1982,47
INDIANA,1983,54
INDIANA,1984,68
INDIANA,1985,37
INDIANA,1986,89
INDIANA,1987,890
INDIANA,1988,80
INDIANA,1989,42
INDIANA,1990,17
INDIANA,1991,6
INDIANA,1992,9
INDIANA,1993,8
INDIANA,1994,7
INDIANA,1996,9
INDIANA,1997,14
INDIANA,1998,5
INDIANA,1999,2
INDIANA,2000,1
INDIANA,2001,2
INDIANA,2002,2
INDIANA,2003,3
INDIANA,2004,2
INDIANA,2005,1
INDIANA,2006,10
INDIANA,2007,3
INDIANA,2008,2
INDIANA,2009,2
INDIANA,2010,4
INDIANA,2011,3
INDIANA,2012,4
INDIANA,2013,4
INDIANA,2014,25
INDIANA,2015,6
INDIANA,2016,293
INDIANA,2017,42
INDIANA,2018,14
INDIANA,2019,87
INDIANA,2020,6
INDIANA,2021,9
IOWA,1923,4
IOWA,1924,301
IOWA,1925,408
IOWA,1926,111
IOWA,1927,260
IOWA,1928,1212
IOWA,1929,758
IOWA,1930,209
IOWA,1931,403
IOWA,1932,78
IOWA,1967,351
IOWA,1968,11632
IOWA,1969,4273
IOWA,1970,3319
IOWA,1971,5519
IOWA,1972,6496
IOWA,1973,3829
IOWA,1974,1961
IOWA,1975,1517
IOWA,1976,1591
IOWA,1977,1245
IOWA,1978,166
IOWA,1979,245
IOWA,1980,64
IOWA,1981,89
IOWA,1982,63
IOWA,1983,43
IOWA,1984,26
IOWA,1985,20
IOWA,1986,75
IOWA,1987,467
IOWA,1988,39
IOWA,1989,53
IOWA,1990,23
IOWA,1991,24
IOWA,1992,14
IOWA,1993,10
IOWA,1994,15
IOWA,1996,2
IOWA,1997,10
IOWA,1998,7
IOWA,1999,7
IOWA,2000,5
IOWA,2001,1
IOWA,2002,1
IOWA,2003,2
IOWA,2004,2
IOWA,2005,6
IOWA,2006,1964
IOWA,2007,27
IOWA,2008,24
IOWA,2009,15
IOWA,2010,38
IOWA,2011,8
IOWA,2012,6
IOWA,2013,3
IOWA,2014,10
IOWA,2015,5
IOWA,2016,732
IOWA,2017,119
IOWA,2018,26
IOWA,2019,14
IOWA,2020,7
IOWA,2021,8
KANSAS,1923,99
KANSAS,1924,2739
KANSAS,1925,2522
KANSAS,1926,23
KANSAS,1927,53
KANSAS,1928,190
KANSAS,1929,611
KANSAS,1930,349
KANSAS,1931,920
KANSAS,1932,150
KANSAS,1968,711
KANSAS,1969,108
KANSAS,1970,151
KANSAS,1971,682
KANSAS,1972,737
KANSAS,1973,959
KANSAS,1974,810
KANSAS,1975,1073
KANSAS,1976,1184
KANSAS,1977,1326
KANSAS,1978,625
KANSAS,1979,261
KANSAS,1980,128
KANSAS,1981,144
KANSAS,1982,104
KANSAS,1983,74
KANSAS,1984,61
KANSAS,1985,24
KANSAS,1986,39
KANSAS,1987,62
KANSAS,1988,209
KANSAS,1989,304
KANSAS,1990,98
KANSAS,1991,34
KANSAS,1992,3
KANSAS,1993,1
KANSAS,1996,1
KANSAS,2000,3
KANSAS,2001,8
KANSAS,2002,6
KANSAS,2003,3
KANSAS,2004,10
KANSAS,2005,0
KANSAS,2006,968
KANSAS,2007,28
KANSAS,2008,2
KANSAS,2009,7
KANSAS,2010,5
KANSAS,2011,4
KANSAS,2012,4
KANSAS,2013,0
KANSAS,2014,2
KANSAS,2015,0
KANSAS,2016,17
KANSAS,2017,161
KANSAS,2018,3
KANSAS,2019,9
KANSAS,2020,2
KANSAS,2021,1
KENTUCKY,1923,0
KENTUCKY,1924,144
KENTUCKY,1925,40
KENTUCKY,1926,10
KENTUCKY,1927,148
KENTUCKY,1928,173
KENTUCKY,1929,5
KENTUCKY,1930,3
KENTUCKY,1931,11
KENTUCKY,1932,218
KENTUCKY,1967,107
KENTUCKY,1968,2668
KENTUCKY,1969,1322
KENTUCKY,1970,2203
KENTUCKY,1971,2309
KENTUCKY,1972,555
KENTUCKY,1973,1761
KENTUCKY,1974,3388
KENTUCKY,1975,1625
KENTUCKY,1976,989
KENTUCKY,1977,124
KENTUCKY,1978,301
KENTUCKY,1979,1359
KENTUCKY,1980,763
KENTUCKY,1981,47
KENTUCKY,1982,22
KENTUCKY,1983,21
KENTUCKY,1984,11
KENTUCKY,1985,8
KENTUCKY,1986,6
KENTUCKY,1987,273
KENTUCKY,1988,181
KENTUCKY,1989,9
KENTUCKY,1994,1
KENTUCKY,1997,3
KENTUCKY,2000,1
KENTUCKY,2001,3
KENTUCKY,2002,3
KENTUCKY,2003,0
KENTUCKY,2004,0
KENTUCKY,2005,0
KENTUCKY,2006,1
KENTUCKY,2007,0
KENTUCKY,2008,0
KENTUCKY,2009,1
KENTUCKY,2010,1
KENTUCKY,2011,0
KENTUCKY,2012,2
KENTUCKY,2013,2
KENTUCKY,2014,2
KENTUCKY,2015,2
KENTUCKY,2016,94
KENTUCKY,2017,19
KENTUCKY,2018,9
KENTUCKY,2019,6
KENTUCKY,2020,4
KENTUCKY,2021,4
LOUISIANA,1923,0
LOUISIANA,1924,15
LOUISIANA,1925,3
LOUISIANA,1926,115
LOUISIANA,1927,229
LOUISIANA,1928,12
LOUISIANA,1929,19
LOUISIANA,1930,129
LOUISIANA,1931,57
LOUISIANA,1932,149
LOUISIANA,1968,69
LOUISIANA,1969,27
LOUISIANA,1970,48
LOUISIANA,1971,157
LOUISIANA,1972,345
LOUISIANA,1973,153
LOUISIANA,1974,325
LOUISIANA,1975,334
LOUISIANA,1976,37
LOUISIANA,1977,59
LOUISIANA,1978,67
LOUISIANA,1979,39
LOUISIANA,1980,60
LOUISIANA,1981,6
LOUISIANA,1982,6
LOUISIANA,1983,45
LOUISIANA,1985,2
LOUISIANA,1986,5
LOUISIANA,1987,704
LOUISIANA,1988,333
LOUISIANA,1989,746
LOUISIANA,1990,120
LOUISIANA,1991,34
LOUISIANA,1992,28
LOUISIANA,1993,20
LOUISIANA,1994,35
LOUISIANA,1996,18
LOUISIANA,1997,16
LOUISIANA,1998,9
LOUISIANA,1999,3
LOUISIANA,2000,5
LOUISIANA,2001,1
LOUISIANA,2002,2
LOUISIANA,2003,1
LOUISIANA,2004,9
LOUISIANA,2005,8
LOUISIANA,2006,3
LOUISIANA,2007,1
LOUISIANA,2008,1
LOUISIANA,2009,1
LOUISIANA,2010,8
LOUISIANA,2011,0
LOUISIANA,2012,2
LOUISIANA,2013,2
LOUISIANA,2014,1
LOUISIANA,2015,2
LOUISIANA,2016,1
LOUISIANA,2017,70
LOUISIANA,2018,28
LOUISIANA,2019,206
LOUISIANA,2020,42
LOUISIANA,2021,0
MAINE,1923,4
MAINE,1924,958
MAINE,1925,717
MAINE,1926,111
MAINE,1927,25
MAINE,1928,248
MAINE,1929,50
MAINE,1930,602
MAINE,1931,240
MAINE,1932,64
MAINE,1967,25
MAINE,1968,917
MAINE,1969,1085
MAINE,1970,904
MAINE,1971,1000
MAINE,1972,191
MAINE,1973,168
MAINE,1974,432
MAINE,1975,8
MAINE,1976,114
MAINE,1977,83
MAINE,1978,588
MAINE,1979,283
MAINE,1980,277
MAINE,1981,45
MAINE,1982,43
MAINE,1983,21
MAINE,1984,27
MAINE,1985,6
MAINE,1987,1
MAINE,1994,3
MAINE,2000,0
MAINE,2001,0
MAINE,2002,0
MAINE,2003,0
MAINE,2004,0
MAINE,2005,2
MAINE,2006,0
MAINE,2007,24
MAINE,2008,5
MAINE,2009,6
MAINE,2010,2
MAINE,2011,2
MAINE,2012,0
MAINE,2013,1
MAINE,2014,0
MAINE,2015,0
MAINE,2016,34
MAINE,2018,4
MAINE,2019,5
MAINE,2020,1
MAINE,2021,1
MARYLAND,1924,3
MARYLAND,1925,3
MARYLAND,1926,19
MARYLAND,1927,16
MARYLAND,1928,4
MARYLAND,1929,34
MARYLAND,1930,5
MARYLAND,1931,10
MARYLAND,1932,3
MARYLAND,1967,8
MARYLAND,1968,1115
MARYLAND,1969,553
MARYLAND,1970,1140
MARYLAND,1971,756
MARYLAND,1972,477
MARYLAND,1973,668
MARYLAND,1974,149
MARYLAND,1975,463
MARYLAND,1976,724
MARYLAND,1977,95
MARYLAND,1978,84
MARYLAND,1979,203
MARYLAND,1980,353
MARYLAND,1981,104
MARYLAND,1982,32
MARYLAND,1983,46
MARYLAND,1984,37
MARYLAND,1985,37
MARYLAND,1986,28
MARYLAND,1987,31
MARYLAND,1988,178
MARYLAND,1989,589
MARYLAND,1990,1078
MARYLAND,1991,228
MARYLAND,1992,74
MARYLAND,1993,73
MARYLAND,1994,56
MARYLAND,1996,26
MARYLAND,1997,11
MARYLAND,1998,2
MARYLAND,1999,6
MARYLAND,2000,6
MARYLAND,2001,7
MARYLAND,2002,9
MARYLAND,2003,5
MARYLAND,2004,4
MARYLAND,2005,10
MARYLAND,2006,48
MARYLAND,2007,19
MARYLAND,2008,11
MARYLAND,2009,8
MARYLAND,2010,12
MARYLAND,2011,3
MARYLAND,2012,1
MARYLAND,2013,56
MARYLAND,2014,1
MARYLAND,2015,17
MARYLAND,2016,4
MARYLAND,2017,8
MARYLAND,2018,27
MARYLAND,2019,18
MARYLAND,2020,4
MARYLAND,2021,1
MASSACHUSETTS,1923,18
MASSACHUSETTS,1924,1702
MASSACHUSETTS,1925,402
MASSACHUSETTS,1926,1794
MASSACHUSETTS,1927,3125
MASSACHUSETTS,1928,2536
MASSACHUSETTS,1929,1546
MASSACHUSETTS,1930,1909
MASSACHUSETTS,1931,2123
MASSACHUSETTS,1932,2996
MASSACHUSETTS,1967,212
MASSACHUSETTS,1968,8221
MASSACHUSETTS,1969,4272
MASSACHUSETTS,1970,3391
MASSACHUSETTS,1971,1765
MASSACHUSETTS,1972,792
MASSACHUSETTS,1973,1334
MASSACHUSETTS,1974,1101
MASSACHUSETTS,1975,308
MASSACHUSETTS,1976,184
MASSACHUSETTS,1977,138
MASSACHUSETTS,1978,106
MASSACHUSETTS,1979,200
MASSACHUSETTS,1980,130
MASSACHUSETTS,1981,116
MASSACHUSETTS,1982,82
MASSACHUSETTS,1983,42
MASSACHUSETTS,1984,37
MASSACHUSETTS,1985,24
MASSACHUSETTS,1986,15
MASSACHUSETTS,1987,24
MASSACHUSETTS,1988,16
MASSACHUSETTS,1989,32
MASSACHUSETTS,1990,13
MASSACHUSETTS,1991,3
MASSACHUSETTS,1992,3
MASSACHUSETTS,1993,2
MASSACHUSETTS,1994,1
MASSACHUSETTS,2000,1
MASSACHUSETTS,2001,2
MASSACHUSETTS,2002,2
MASSACHUSETTS,2003,1
MASSACHUSETTS,2004,4
MASSACHUSETTS,2005,7
MASSACHUSETTS,2006,12
MASSACHUSETTS,2007,14
MASSACHUSETTS,2008,7
MASSACHUSETTS,2009,15
MASSACHUSETTS,2010,9
MASSACHUSETTS,2011,4
MASSACHUSETTS,2012,6
MASSACHUSETTS,2013,69
MASSACHUSETTS,2014,2
MASSACHUSETTS,2015,6
MASSACHUSETTS,2016,254
MASSACHUSETTS,2017,191
MASSACHUSETTS,2018,44
MASSACHUSETTS,2019,60
MASSACHUSETTS,2020,18
MASSACHUSETTS,2021,2
MICHIGAN,1923,22
MICHIGAN,1924,3149
MICHIGAN,1925,421
MICHIGAN,1926,496
MICHIGAN,1927,3688
MICHIGAN,1928,3842
MICHIGAN,1929,1382
MICHIGAN,1930,1828
MICHIGAN,1931,1638
MICHIGAN,1932,2960
MICHIGAN,1967,176
MICHIGAN,1968,14175
MICHIGAN,1969,4983
MICHIGAN,1970,7672
MICHIGAN,1971,10093
MICHIGAN,1972,3588
MICHIGAN,1973,5006
MICHIGAN,1974,7213
MICHIGAN,1975,9614
MICHIGAN,1976,5507
MICHIGAN,1977,2304
MICHIGAN,1978,1634
MICHIGAN,1979,1079
MICHIGAN,1980,991
MICHIGAN,1981,394
MICHIGAN,1982,401
MICHIGAN,1983,498
MICHIGAN,1984,208
MICHIGAN,1985,332
MICHIGAN,1986,456
MICHIGAN,1987,1113
MICHIGAN,1988,231
MICHIGAN,1989,167
MICHIGAN,1990,157
MICHIGAN,1991,96
MICHIGAN,1992,76
MICHIGAN,1993,74
MICHIGAN,1994,54
MICHIGAN,1995,1
MICHIGAN,1996,30
MICHIGAN,1997,14
MICHIGAN,1998,17
MICHIGAN,1999,7
MICHIGAN,2000,3
MICHIGAN,2001,6
MICHIGAN,2002,7
MICHIGAN,2003,8
MICHIGAN,2004,2
MICHIGAN,2005,24
MICHIGAN,2006,84
MICHIGAN,2007,28
MICHIGAN,2008,22
MICHIGAN,2009,11
MICHIGAN,2010,20
MICHIGAN,2011,3
MICHIGAN,2012,10
MICHIGAN,2013,2
MICHIGAN,2014,4
MICHIGAN,2015,2
MICHIGAN,2016,20
MICHIGAN,2017,31
MICHIGAN,2018,42
MICHIGAN,2019,23
MICHIGAN,2020,4
MICHIGAN,2021,1
MINNESOTA,1923,0
MINNESOTA,1924,195
MINNESOTA,1925,182
MINNESOTA,1926,73
MINNESOTA,1927,71
MINNESOTA,1928,2741
MINNESOTA,1929,1420
MINNESOTA,1930,1246
MINNESOTA,1931,3012
MINNESOTA,1932,724
MINNESOTA,1967,2
MINNESOTA,1968,694
MINNESOTA,1969,693
MINNESOTA,1970,536
MINNESOTA,1971,1378
MINNESOTA,1972,650
MINNESOTA,1973,105
MINNESOTA,1974,100
MINNESOTA,1975,240
MINNESOTA,1976,551
MINNESOTA,1977,38
MINNESOTA,1978,20
MINNESOTA,1979,25
MINNESOTA,1980,30
MINNESOTA,1981,5
MINNESOTA,1982,460
MINNESOTA,1983,29
MINNESOTA,1984,7
MINNESOTA,1985,1
MINNESOTA,1986,23
MINNESOTA,1987,792
MINNESOTA,1988,1
MINNESOTA,1990,10
MINNESOTA,1991,21
MINNESOTA,1992,15
MINNESOTA,1993,2
MINNESOTA,1994,5
MINNESOTA,1996,6
MINNESOTA,1997,6
MINNESOTA,1998,14
MINNESOTA,1999,1
MINNESOTA,2000,7
MINNESOTA,2001,5
MINNESOTA,2002,5
MINNESOTA,2003,1
MINNESOTA,2004,4
MINNESOTA,2005,6
MINNESOTA,2006,180
MINNESOTA,2007,28
MINNESOTA,2008,9
MINNESOTA,2009,7
MINNESOTA,2010,8
MINNESOTA,2011,1
MINNESOTA,2012,7
MINNESOTA,2013,3
MINNESOTA,2014,2
MINNESOTA,2015,6
MINNESOTA,2016,24
MINNESOTA,2017,72
MINNESOTA,2018,10
MINNESOTA,2019,13
MINNESOTA,2020,2
MINNESOTA,2021,0
MISSISSIPPI,1967,10
MISSISSIPPI,1968,238
MISSISSIPPI,1969,50
MISSISSIPPI,1970,73
MISSISSIPPI,1971,161
MISSISSIPPI,1972,126
MISSISSIPPI,1973,488
MISSISSIPPI,1974,404
MISSISSIPPI,1975,371
MISSISSIPPI,1976,62
MISSISSIPPI,1977,38
MISSISSIPPI,1978,92
MISSISSIPPI,1979,128
MISSISSIPPI,1980,61
MISSISSIPPI,1981,6
MISSISSIPPI,1982,10
MISSISSIPPI,1983,4
MISSISSIPPI,1984,21
MISSISSIPPI,1985,5
MISSISSIPPI,1990,6
MISSISSIPPI,1991,4
MISSISSIPPI,1992,5
MISSISSIPPI,1993,5
MISSISSIPPI,1994,5
MISSISSIPPI,1996,13
MISSISSIPPI,1997,3
MISSISSIPPI,1998,1
MISSISSIPPI,1999,1
MISSISSIPPI,2000,0
MISSISSIPPI,2001,5
MISSISSIPPI,2002,5
MISSISSIPPI,2003,1
MISSISSIPPI,2004,0
MISSISSIPPI,2005,1
MISSISSIPPI,2006,2
MISSISSIPPI,2007,2
MISSISSIPPI,2008,0
MISSISSIPPI,2009,1
MISSISSIPPI,2010,0
MISSISSIPPI,2011,3
MISSISSIPPI,2012,0
MISSISSIPPI,2013,0
MISSISSIPPI,2014,0
MISSISSIPPI,2015,0
MISSISSIPPI,2016,1
MISSISSIPPI,2017,26
MISSISSIPPI,2018,10
MISSISSIPPI,2019,43
MISSISSIPPI,2020,2
MISSISSIPPI,2021,1
MISSOURI,1923,11
MISSOURI,1924,464
MISSOURI,1925,526
MISSOURI,1926,95
MISSOURI,1927,589
MISSOURI,1928,2495
MISSOURI,1929,70
MISSOURI,1930,93
MISSOURI,1931,78
MISSOURI,1932,254
MISSOURI,1967,12
MISSOURI,1968,875
MISSOURI,1969,421
MISSOURI,1970,314
MISSOURI,1971,796
MISSOURI,1972,701
MISSOURI,1973,767
MISSOURI,1974,443
MISSOURI,1975,534
MISSOURI,1976,422
MISSOURI,1977,1542
MISSOURI,1978,619
MISSOURI,1979,182
MISSOURI,1980,66
MISSOURI,1981,40
MISSOURI,1982,21
MISSOURI,1983,23
MISSOURI,1984,12
MISSOURI,1985,18
MISSOURI,1986,27
MISSOURI,1987,38
MISSOURI,1988,42
MISSOURI,1989,58
MISSOURI,1990,31
MISSOURI,1991,24
MISSOURI,1992,24
MISSOURI,1993,15
MISSOURI,1994,19
MISSOURI,1996,4
MISSOURI,1998,2
MISSOURI,1999,1
MISSOURI,2000,4
MISSOURI,2001,3
MISSOURI,2002,4
MISSOURI,2003,5
MISSOURI,2004,3
MISSOURI,2005,4
MISSOURI,2006,170
MISSOURI,2007,12
MISSOURI,2008,8
MISSOURI,2009,15
MISSOURI,2010,10
MISSOURI,2011,7
MISSOURI,2012,2
MISSOURI,2013,1
MISSOURI,2014,1
MISSOURI,2015,1
MISSOURI,2016,334
MISSOURI,2017,437
MISSOURI,2018,27
MISSOURI,2019,156
MISSOURI,2020,70
MISSOURI,2021,3
MONTANA,1923,0
MONTANA,1924,14
MONTANA,1925,1434
MONTANA,1926,455
MONTANA,1927,264
MONTANA,1928,53
MONTANA,1929,740
MONTANA,1930,920
MONTANA,1931,7
MONTANA,1932,5
MONTANA,1967,3
MONTANA,1968,656
MONTANA,1969,719
MONTANA,1970,807
MONTANA,1971,374
MONTANA,1972,240
MONTANA,1973,311
MONTANA,1974,180
MONTANA,1975,44
MONTANA,1976,27
MONTANA,1977,16
MONTANA,1978,149
MONTANA,1979,14
MONTANA,1980,42
MONTANA,1981,14
MONTANA,1982,8
MONTANA,1983,7
MONTANA,1984,10
MONTANA,1985,12
MONTANA,1986,5
MONTANA,1987,9
MONTANA,1988,2
MONTANA,1989,4
MONTANA,1990,1
MONTANA,1992,2
MONTANA,2000,1
MONTANA,2001,1
MONTANA,2002,0
MONTANA,2003,0
MONTANA,2004,0
MONTANA,2005,1
MONTANA,2006,0
MONTANA,2007,1
MONTANA,2008,1
MONTANA,2009,0
MONTANA,2010,0
MONTANA,2011,0
MONTANA,2012,1
MONTANA,2013,0
MONTANA,2014,1
MONTANA,2015,0
MONTANA,2016,26
MONTANA,2017,6
MONTANA,2018,3
MONTANA,2019,17
MONTANA,2020,1
MONTANA,2021,1
NEBRASKA,1924,14
NEBRASKA,1925,74
NEBRASKA,1926,87
NEBRASKA,1927,813
NEBRASKA,1928,456
NEBRASKA,1929,17
NEBRASKA,1930,67
NEBRASKA,1931,508
NEBRASKA,1932,83
NEBRASKA,1967,15
NEBRASKA,1968,586
NEBRASKA,1969,292
NEBRASKA,1970,399
NEBRASKA,1971,238
NEBRASKA,1972,278
NEBRASKA,1973,175
NEBRASKA,1974,94
NEBRASKA,1975,89
NEBRASKA,1976,115
NEBRASKA,1977,92
NEBRASKA,1978,28
NEBRASKA,1979,12
NEBRASKA,1980,4
NEBRASKA,1981,3
NEBRASKA,1982,1
NEBRASKA,1983,4
NEBRASKA,1984,3
NEBRASKA,1985,3
NEBRASKA,1986,2
NEBRASKA,1987,6
NEBRASKA,1988,11
NEBRASKA,1989,5
NEBRASKA,1990,9
NEBRASKA,1991,9
NEBRASKA,1992,6
NEBRASKA,1993,1
NEBRASKA,1994,1
NEBRASKA,1997,1
NEBRASKA,2000,4
NEBRASKA,2001,1
NEBRASKA,2002,2
NEBRASKA,2003,0
NEBRASKA,2004,0
NEBRASKA,2005,0
NEBRASKA,2006,368
NEBRASKA,2007,8
NEBRASKA,2008,4
NEBRASKA,2009,7
NEBRASKA,2010,23
NEBRASKA,2011,6
NEBRASKA,2012,2
NEBRASKA,2013,0
NEBRASKA,2014,0
NEBRASKA,2015,1
NEBRASKA,2016,49
NEBRASKA,2017,3
NEBRASKA,2018,9
NEBRASKA,2019,81
NEBRASKA,2020,1
NEBRASKA,2021,2
NEVADA,1923,0
NEVADA,1924,0
NEVADA,1925,2
NEVADA,1926,11
NEVADA,1927,3
NEVADA,1928,0
NEVADA,1929,1
NEVADA,1930,3
NEVADA,1931,0
NEVADA,1932,0
NEVADA,1968,182
NEVADA,1972,50
NEVADA,1973,14
NEVADA,1974,23
NEVADA,1975,101
NEVADA,1976,104
NEVADA,1977,14
NEVADA,1978,10
NEVADA,1979,14
NEVADA,1980,9
NEVADA,1981,15
NEVADA,1982,8
NEVADA,1983,5
NEVADA,1984,7
NEVADA,1985,66
NEVADA,1986,11
NEVADA,1987,13
NEVADA,1988,20
NEVADA,1989,4
NEVADA,1990,19
NEVADA,1991,19
NEVADA,1992,10
NEVADA,1993,26
NEVADA,1994,19
NEVADA,1995,6
NEVADA,1996,1
NEVADA,1997,2
NEVADA,1998,4
NEVADA,2000,2
NEVADA,2001,2
NEVADA,2002,6
NEVADA,2003,5
NEVADA,2004,1
NEVADA,2005,3
NEVADA,2006,5
NEVADA,2007,12
NEVADA,2008,6
NEVADA,2009,3
NEVADA,2010,1
NEVADA,2011,0
NEVADA,2012,0
NEVADA,2013,5
NEVADA,2014,2
NEVADA,2015,0
NEVADA,2016,5
NEVADA,2017,5
NEVADA,2018,3
NEVADA,2019,1
NEVADA,2020,1
NEVADA,2021,0
NEW HAMPSHIRE,1924,1
NEW HAMPSHIRE,1925,5
NEW HAMPSHIRE,1926,4
NEW HAMPSHIRE,1927,3
NEW HAMPSHIRE,1928,2
NEW HAMPSHIRE,1929,0
NEW HAMPSHIRE,1930,0
NEW HAMPSHIRE,1931,2
NEW HAMPSHIRE,1932,5
NEW HAMPSHIRE,1968,303
NEW HAMPSHIRE,1969,230
NEW HAMPSHIRE,1970,431
NEW HAMPSHIRE,1971,605
NEW HAMPSHIRE,1972,155
NEW HAMPSHIRE,1973,232
NEW HAMPSHIRE,1974,95
NEW HAMPSHIRE,1975,115
NEW HAMPSHIRE,1976,28
NEW HAMPSHIRE,1977,69
NEW HAMPSHIRE,1978,10
NEW HAMPSHIRE,1979,5
NEW HAMPSHIRE,1980,15
NEW HAMPSHIRE,1981,22
NEW HAMPSHIRE,1982,17
NEW HAMPSHIRE,1983,21
NEW HAMPSHIRE,1984,7
NEW HAMPSHIRE,1985,5
NEW HAMPSHIRE,1986,8
NEW HAMPSHIRE,1987,12
NEW HAMPSHIRE,1988,107
NEW HAMPSHIRE,1989,16
NEW HAMPSHIRE,1990,11
NEW HAMPSHIRE,1991,6
NEW HAMPSHIRE,1992,6
NEW HAMPSHIRE,1994,3
NEW HAMPSHIRE,1996,1
NEW HAMPSHIRE,1999,1
NEW HAMPSHIRE,2000,0
NEW HAMPSHIRE,2001,0
NEW HAMPSHIRE,2002,5
NEW HAMPSHIRE,2003,2
NEW HAMPSHIRE,2004,1
NEW HAMPSHIRE,2005,1
NEW HAMPSHIRE,2006,5
NEW HAMPSHIRE,2007,2
NEW HAMPSHIRE,2008,5
NEW HAMPSHIRE,2009,0
NEW HAMPSHIRE,2010,3
NEW HAMPSHIRE,2011,0
NEW HAMPSHIRE,2012,0
NEW HAMPSHIRE,2013,1
NEW HAMPSHIRE,2014,2
NEW HAMPSHIRE,2015,2
NEW HAMPSHIRE,2016,11
NEW HAMPSHIRE,2017,1
NEW HAMPSHIRE,2018,3
NEW HAMPSHIRE,2019,0
NEW HAMPSHIRE,2020,8
NEW HAMPSHIRE,2021,0
NEW JERSEY,1923,20
NEW JERSEY,1924,1824
NEW JERSEY,1925,290
NEW JERSEY,1926,447
NEW JERSEY,1927,2194
NEW JERSEY,1928,937
NEW JERSEY,1929,1698
NEW JERSEY,1930,611
NEW JERSEY,1931,634
NEW JERSEY,1932,3058
NEW JERSEY,1967,195
NEW JERSEY,1968,3648
NEW JERSEY,1969,1800
NEW JERSEY,1970,2772
NEW JERSEY,1971,1781
NEW JERSEY,1972,1005
NEW JERSEY,1973,1661
NEW JERSEY,1974,774
NEW JERSEY,1975,446
NEW JERSEY,1976,563
NEW JERSEY,1977,366
NEW JERSEY,1978,169
NEW JERSEY,1979,600
NEW JERSEY,1980,126
NEW JERSEY,1981,96
NEW JERSEY,1982,55
NEW JERSEY,1983,139
NEW JERSEY,1984,138
NEW JERSEY,1985,55
NEW JERSEY,1986,55
NEW JERSEY,1987,66
NEW JERSEY,1988,44
NEW JERSEY,1989,11
NEW JERSEY,1992,8
NEW JERSEY,1997,1
NEW JERSEY,2000,4
NEW JERSEY,2001,2
NEW JERSEY,2002,3
NEW JERSEY,2003,6
NEW JERSEY,2004,8
NEW JERSEY,2005,9
NEW JERSEY,2006,12
NEW JERSEY,2007,2
NEW JERSEY,2008,13
NEW JERSEY,2009,200
NEW JERSEY,2010,354
NEW JERSEY,2011,13
NEW JERSEY,2012,0
NEW JERSEY,2013,80
NEW JERSEY,2014,39
NEW JERSEY,2015,27
NEW JERSEY,2016,42
NEW JERSEY,2017,41
NEW JERSEY,2018,36
NEW JERSEY,2019,60
NEW JERSEY,2020,9
NEW JERSEY,2021,2
NEW MEXICO,1924,3
NEW MEXICO,1925,71
NEW MEXICO,1926,91
NEW MEXICO,1927,279
NEW MEXICO,1928,16
NEW MEXICO,1929,15
NEW MEXICO,1930,192
NEW MEXICO,1931,15
NEW MEXICO,1932,102
NEW MEXICO,1967,5
NEW MEXICO,1968,1001
NEW MEXICO,1969,974
NEW MEXICO,1970,783
NEW MEXICO,1971,736
NEW MEXICO,1972,793
NEW MEXICO,1973,1033
NEW MEXICO,1974,170
NEW MEXICO,1975,65
NEW MEXICO,1976,90
NEW MEXICO,1977,124
NEW MEXICO,1978,19
NEW MEXICO,1979,14
NEW MEXICO,2000,1
NEW MEXICO,2001,2
NEW MEXICO,2002,1
NEW MEXICO,2003,1
NEW MEXICO,2004,0
NEW MEXICO,2005,0
NEW MEXICO,2006,3
NEW MEXICO,2007,0
NEW MEXICO,2008,0
NEW MEXICO,2009,1
NEW MEXICO,2010,2
NEW MEXICO,2011,1
NEW MEXICO,2012,0
NEW MEXICO,2013,1
NEW MEXICO,2014,2
NEW MEXICO,2015,1
NEW MEXICO,2016,2
NEW MEXICO,2017,1
NEW MEXICO,2018,6
NEW MEXICO,2019,43
NEW MEXICO,2020,0
NEW MEXICO,2021,4
NEW YORK,1923,0
NEW YORK,1924,940
NEW YORK,1925,1277
NEW YORK,1926,802
NEW YORK,1927,1028
NEW YORK,1928,1989
NEW YORK,1929,1139
NEW YORK,1930,2170
NEW YORK,1931,1772
NEW YORK,1932,727
NEW YORK,2000,20
NEW YORK,2001,17
NEW YORK,2002,9
NEW YORK,2003,15
NEW YORK,2004,26
NEW YORK,2005,47
NEW YORK,2006,70
NEW YORK,2007,45
NEW YORK,2008,37
NEW YORK,2009,1453
NEW YORK,2010,1724
NEW YORK,2011,39
NEW YORK,2012,26
NEW YORK,2013,45
NEW YORK,2014,15
NEW YORK,2015,23
NEW YORK,2016,386
NEW YORK,2017,545
NEW YORK,2018,276
NEW YORK,2019,206
NEW YORK,2020,97
NEW YORK,2021,16
NORTH CAROLINA,1923,1
NORTH CAROLINA,1924,303
NORTH CAROLINA,1925,221
NORTH CAROLINA,1926,113
NORTH CAROLINA,1927,834
NORTH CAROLINA,1928,359
NORTH CAROLINA,1929,74
NORTH CAROLINA,1930,295
NORTH CAROLINA,1931,270
NORTH CAROLINA,1932,91
NORTH CAROLINA,1975,126
NORTH CAROLINA,1976,381
NORTH CAROLINA,1977,80
NORTH CAROLINA,1978,83
NORTH CAROLINA,1979,88
NORTH CAROLINA,1980,101
NORTH CAROLINA,1981,23
NORTH CAROLINA,1982,23
NORTH CAROLINA,1983,32
NORTH CAROLINA,1984,26
NORTH CAROLINA,1985,20
NORTH CAROLINA,1986,28
NORTH CAROLINA,1987,31
NORTH CAROLINA,1988,52
NORTH CAROLINA,1989,49
NORTH CAROLINA,1990,323
NORTH CAROLINA,1991,262
NORTH CAROLINA,1992,215
NORTH CAROLINA,1993,170
NORTH CAROLINA,1994,38
NORTH CAROLINA,1996,21
NORTH CAROLINA,1997,11
NORTH CAROLINA,1998,11
NORTH CAROLINA,1999,9
NORTH CAROLINA,2000,7
NORTH CAROLINA,2001,5
NORTH CAROLINA,2002,3
NORTH CAROLINA,2003,2
NORTH CAROLINA,2004,5
NORTH CAROLINA,2005,13
NORTH CAROLINA,2006,43
NORTH CAROLINA,2007,28
NORTH CAROLINA,2008,6
NORTH CAROLINA,2009,4
NORTH CAROLINA,2010,10
NORTH CAROLINA,2011,9
NORTH CAROLINA,2012,1
NORTH CAROLINA,2013,3
NORTH CAROLINA,2014,2
NORTH CAROLINA,2015,4
NORTH CAROLINA,2016,35
NORTH CAROLINA,2017,37
NORTH CAROLINA,2018,11
NORTH CAROLINA,2019,86
NORTH CAROLINA,2020,19
NORTH CAROLINA,2021,2
NORTH DAKOTA,1924,17
NORTH DAKOTA,1925,496
NORTH DAKOTA,1926,435
NORTH DAKOTA,1927,116
NORTH DAKOTA,1928,70
NORTH DAKOTA,1929,21
NORTH DAKOTA,1930,641
NORTH DAKOTA,1931,253
NORTH DAKOTA,1932,4
NORTH DAKOTA,1967,37
NORTH DAKOTA,1968,1381
NORTH DAKOTA,1969,399
NORTH DAKOTA,1970,374
NORTH DAKOTA,1971,416
NORTH DAKOTA,1972,400
NORTH DAKOTA,1973,76
NORTH DAKOTA,1974,110
NORTH DAKOTA,1975,514
NORTH DAKOTA,1976,128
NORTH DAKOTA,1977,20
NORTH DAKOTA,1978,17
NORTH DAKOTA,1979,1
NORTH DAKOTA,1980,3
NORTH DAKOTA,1984,1
NORTH DAKOTA,1985,2
NORTH DAKOTA,1986,2
NORTH DAKOTA,1994,1
NORTH DAKOTA,1996,2
NORTH DAKOTA,1998,1
NORTH DAKOTA,1999,1
NORTH DAKOTA,2000,1
NORTH DAKOTA,2001,0
NORTH DAKOTA,2002,2
NORTH DAKOTA,2003,0
NORTH DAKOTA,2004,1
NORTH DAKOTA,2005,3
NORTH DAKOTA,2006,14
NORTH DAKOTA,2007,3
NORTH DAKOTA,2008,2
NORTH DAKOTA,2009,0
NORTH DAKOTA,2010,0
NORTH DAKOTA,2011,1
NORTH DAKOTA,2012,0
NORTH DAKOTA,2013,1
NORTH DAKOTA,2014,1
NORTH DAKOTA,2015,0
NORTH DAKOTA,2016,10
NORTH DAKOTA,2017,10
NORTH DAKOTA,2018,0
NORTH DAKOTA,2019,18
NORTH DAKOTA,2020,3
NORTH DAKOTA,2021,1
OHIO,1923,45
OHIO,1924,6216
OHIO,1925,466
OHIO,1926,588
OHIO,1927,3114
OHIO,1928,4171
OHIO,1929,696
OHIO,1930,2377
OHIO,1931,8298
OHIO,1932,2406
OHIO,1967,152
OHIO,1968,2853
OHIO,1969,2067
OHIO,1970,4903
OHIO,1971,8467
OHIO,1972,2645
OHIO,1973,3198
OHIO,1974,3536
OHIO,1975,2718
OHIO,1976,2198
OHIO,1977,833
OHIO,1978,1415
OHIO,1979,2054
OHIO,1980,1290
OHIO,1981,570
OHIO,1982,1767
OHIO,1983,581
OHIO,1984,434
OHIO,1985,297
OHIO,1986,147
OHIO,1987,143
OHIO,1988,144
OHIO,1989,165
OHIO,1990,92
OHIO,1991,110
OHIO,1992,99
OHIO,1993,72
OHIO,1994,76
OHIO,1996,48
OHIO,1997,34
OHIO,1998,22
OHIO,1999,19
OHIO,2000,4
OHIO,2001,1
OHIO,2002,11
OHIO,2003,7
OHIO,2004,11
OHIO,2005,8
OHIO,2006,45
OHIO,2007,20
OHIO,2008,23
OHIO,2009,6
OHIO,2010,24
OHIO,2011,17
OHIO,2012,6
OHIO,2013,12
OHIO,2014,543
OHIO,2015,21
OHIO,2016,71
OHIO,2017,50
OHIO,2018,40
OHIO,2019,64
OHIO,2020,13
OHIO,2021,9
OKLAHOMA,1923,0
OKLAHOMA,1924,37
OKLAHOMA,1925,12
OKLAHOMA,1926,58
OKLAHOMA,1927,216
OKLAHOMA,1928,446
OKLAHOMA,1929,48
OKLAHOMA,1930,61
OKLAHOMA,1931,51
OKLAHOMA,1932,59
OKLAHOMA,1967,1
OKLAHOMA,1968,189
OKLAHOMA,1969,996
OKLAHOMA,1970,2403
OKLAHOMA,1971,182
OKLAHOMA,1972,157
OKLAHOMA,1973,495
OKLAHOMA,1974,371
OKLAHOMA,1975,344
OKLAHOMA,1976,865
OKLAHOMA,1977,535
OKLAHOMA,1978,4
OKLAHOMA,1987,1
OKLAHOMA,1988,209
OKLAHOMA,1989,210
OKLAHOMA,1990,113
OKLAHOMA,1991,16
OKLAHOMA,1992,13
OKLAHOMA,1993,16
OKLAHOMA,1994,22
OKLAHOMA,1998,3
OKLAHOMA,2000,3
OKLAHOMA,2001,0
OKLAHOMA,2002,2
OKLAHOMA,2003,2
OKLAHOMA,2004,1
OKLAHOMA,2005,2
OKLAHOMA,2006,10
OKLAHOMA,2007,8
OKLAHOMA,2008,1
OKLAHOMA,2009,3
OKLAHOMA,2010,1
OKLAHOMA,2011,3
OKLAHOMA,2012,1
OKLAHOMA,2013,1
OKLAHOMA,2014,2
OKLAHOMA,2015,1
OKLAHOMA,2016,505
OKLAHOMA,2017,177
OKLAHOMA,2018,15
OKLAHOMA,2019,10
OKLAHOMA,2020,2
OKLAHOMA,2021,0
OREGON,1923,0
OREGON,1924,86
OREGON,1925,261
OREGON,1926,236
OREGON,1927,93
OREGON,1928,118
OREGON,1929,325
OREGON,1930,600
OREGON,1931,780
OREGON,1932,258
OREGON,1967,15
OREGON,1968,1019
OREGON,1969,634
OREGON,1970,1372
OREGON,1971,1692
OREGON,1972,2023
OREGON,1973,2067
OREGON,1974,788
OREGON,1975,755
OREGON,1976,422
OREGON,1977,316
OREGON,1978,140
OREGON,1979,122
OREGON,1980,87
OREGON,1981,68
OREGON,1997,1
OREGON,2000,
OREGON,2001,
OREGON,2002,0
OREGON,2003,
OREGON,2004,0
OREGON,2005,
OREGON,2006,19
OREGON,2007,1
OREGON,2008,1
OREGON,2009,2
OREGON,2010,3
OREGON,2011,4
OREGON,2012,1
OREGON,2013,3
OREGON,2014,1
OREGON,2015,1
OREGON,2016,27
OREGON,2017,67
OREGON,2018,17
OREGON,2019,31
OREGON,2020,2
OREGON,2021,5
PENNSYLVANIA,1924,5357
PENNSYLVANIA,1925,1412
PENNSYLVANIA,1926,622
PENNSYLVANIA,1927,5160
PENNSYLVANIA,1928,3892
PENNSYLVANIA,1929,997
PENNSYLVANIA,1930,2892
PENNSYLVANIA,1931,3665
PENNSYLVANIA,1932,2781
PENNSYLVANIA,1970,3450
PENNSYLVANIA,1971,2718
PENNSYLVANIA,1972,789
PENNSYLVANIA,1973,1689
PENNSYLVANIA,1974,1504
PENNSYLVANIA,1975,715
PENNSYLVANIA,1976,607
PENNSYLVANIA,1977,203
PENNSYLVANIA,1978,149
PENNSYLVANIA,1979,352
PENNSYLVANIA,1980,499
PENNSYLVANIA,1981,268
PENNSYLVANIA,1982,119
PENNSYLVANIA,1983,70
PENNSYLVANIA,1984,58
PENNSYLVANIA,1985,69
PENNSYLVANIA,1986,52
PENNSYLVANIA,1987,65
PENNSYLVANIA,1988,101
PENNSYLVANIA,1989,72
PENNSYLVANIA,1990,109
PENNSYLVANIA,1991,129
PENNSYLVANIA,1992,81
PENNSYLVANIA,1993,67
PENNSYLVANIA,1994,54
PENNSYLVANIA,1996,28
PENNSYLVANIA,1997,35
PENNSYLVANIA,1998,12
PENNSYLVANIA,1999,15
PENNSYLVANIA,2000,4
PENNSYLVANIA,2001,1
PENNSYLVANIA,2002,22
PENNSYLVANIA,2003,9
PENNSYLVANIA,2004,13
PENNSYLVANIA,2005,8
PENNSYLVANIA,2006,117
PENNSYLVANIA,2007,23
PENNSYLVANIA,2008,21
PENNSYLVANIA,2009,15
PENNSYLVANIA,2010,69
PENNSYLVANIA,2011,2
PENNSYLVANIA,2012,3
PENNSYLVANIA,2013,8
PENNSYLVANIA,2014,9
PENNSYLVANIA,2015,3
PENNSYLVANIA,2016,15
PENNSYLVANIA,2017,116
PENNSYLVANIA,2018,145
PENNSYLVANIA,2019,470
PENNSYLVANIA,2020,24
PENNSYLVANIA,2021,7
RHODE ISLAND,1967,80
RHODE ISLAND,1968,1634
RHODE ISLAND,1969,1152
RHODE ISLAND,1970,2257
RHODE ISLAND,1971,1271
RHODE ISLAND,1972,424
RHODE ISLAND,1973,937
RHODE ISLAND,1974,2511
RHODE ISLAND,1975,862
RHODE ISLAND,1976,505
RHODE ISLAND,1977,65
RHODE ISLAND,1978,58
RHODE ISLAND,1979,50
RHODE ISLAND,1980,31
RHODE ISLAND,1981,28
RHODE ISLAND,1982,18
RHODE ISLAND,1983,16
RHODE ISLAND,1984,11
RHODE ISLAND,1985,15
RHODE ISLAND,1986,13
RHODE ISLAND,1987,2
RHODE ISLAND,1990,10
RHODE ISLAND,1991,4
RHODE ISLAND,1992,1
RHODE ISLAND,1993,2
RHODE ISLAND,1994,4
RHODE ISLAND,1996,1
RHODE ISLAND,1997,6
RHODE ISLAND,1998,1
RHODE ISLAND,1999,2
RHODE ISLAND,2000,1
RHODE ISLAND,2001,0
RHODE ISLAND,2002,0
RHODE ISLAND,2003,0
RHODE ISLAND,2004,0
RHODE ISLAND,2005,0
RHODE ISLAND,2006,4
RHODE ISLAND,2007,1
RHODE ISLAND,2008,0
RHODE ISLAND,2009,3
RHODE ISLAND,2010,0
RHODE ISLAND,2011,5
RHODE ISLAND,2012,2
RHODE ISLAND,2013,2
RHODE ISLAND,2014,0
RHODE ISLAND,2015,2
RHODE ISLAND,2016,1
RHODE ISLAND,2017,29
RHODE ISLAND,2018,2
RHODE ISLAND,2019,8
RHODE ISLAND,2020,0
RHODE ISLAND,2021,3
SOUTH CAROLINA,1923,14
SOUTH CAROLINA,1924,385
SOUTH CAROLINA,1925,121
SOUTH CAROLINA,1926,76
SOUTH CAROLINA,1927,242
SOUTH CAROLINA,1928,699
SOUTH CAROLINA,1929,115
SOUTH CAROLINA,1930,226
SOUTH CAROLINA,1931,109
SOUTH CAROLINA,1932,8
SOUTH CAROLINA,1967,4
SOUTH CAROLINA,1968,305
SOUTH CAROLINA,1969,448
SOUTH CAROLINA,1970,1027
SOUTH CAROLINA,1971,815
SOUTH CAROLINA,1972,171
SOUTH CAROLINA,1973,374
SOUTH CAROLINA,1974,143
SOUTH CAROLINA,1975,73
SOUTH CAROLINA,1976,46
SOUTH CAROLINA,1977,21
SOUTH CAROLINA,1978,18
SOUTH CAROLINA,1979,3
SOUTH CAROLINA,1980,211
SOUTH CAROLINA,1981,18
SOUTH CAROLINA,1982,18
SOUTH CAROLINA,1983,14
SOUTH CAROLINA,1984,6
SOUTH CAROLINA,1985,10
SOUTH CAROLINA,1986,17
SOUTH CAROLINA,1987,21
SOUTH CAROLINA,1988,9
SOUTH CAROLINA,1989,57
SOUTH CAROLINA,1990,71
SOUTH CAROLINA,1991,386
SOUTH CAROLINA,1992,49
SOUTH CAROLINA,1993,15
SOUTH CAROLINA,1994,8
SOUTH CAROLINA,1995,1
SOUTH CAROLINA,1996,6
SOUTH CAROLINA,1997,8
SOUTH CAROLINA,1998,7
SOUTH CAROLINA,1999,5
SOUTH CAROLINA,2000,11
SOUTH CAROLINA,2001,4
SOUTH CAROLINA,2002,3
SOUTH CAROLINA,2003,5
SOUTH CAROLINA,2004,5
SOUTH CAROLINA,2005,1
SOUTH CAROLINA,2006,10
SOUTH CAROLINA,2007,2
SOUTH CAROLINA,2008,0
SOUTH CAROLINA,2009,2
SOUTH CAROLINA,2010,4
SOUTH CAROLINA,2011,3
SOUTH CAROLINA,2012,1
SOUTH CAROLINA,2013,2
SOUTH CAROLINA,2014,2
SOUTH CAROLINA,2015,0
SOUTH CAROLINA,2016,4
SOUTH CAROLINA,2017,1
SOUTH CAROLINA,2018,5
SOUTH CAROLINA,2019,118
SOUTH CAROLINA,2020,26
SOUTH CAROLINA,2021,1
SOUTH DAKOTA,1924,10
SOUTH DAKOTA,1925,263
SOUTH DAKOTA,1926,978
SOUTH DAKOTA,1927,27
SOUTH DAKOTA,1928,1
SOUTH DAKOTA,1929,118
SOUTH DAKOTA,1930,40
SOUTH DAKOTA,1931,7
SOUTH DAKOTA,1932,0
SOUTH DAKOTA,1970,58
SOUTH DAKOTA,1971,267
SOUTH DAKOTA,1972,120
SOUTH DAKOTA,1973,20
SOUTH DAKOTA,1974,3
SOUTH DAKOTA,1975,6
SOUTH DAKOTA,1976,11
SOUTH DAKOTA,1977,59
SOUTH DAKOTA,1978,11
SOUTH DAKOTA,1979,11
SOUTH DAKOTA,1980,4
SOUTH DAKOTA,1981,1
SOUTH DAKOTA,1982,1
SOUTH DAKOTA,1986,1
SOUTH DAKOTA,1987,90
SOUTH DAKOTA,1988,1
SOUTH DAKOTA,1991,2
SOUTH DAKOTA,2000,0
SOUTH DAKOTA,2001,0
SOUTH DAKOTA,2002,0
SOUTH DAKOTA,2003,0
SOUTH DAKOTA,2004,0
SOUTH DAKOTA,2005,0
SOUTH DAKOTA,2006,206
SOUTH DAKOTA,2007,6
SOUTH DAKOTA,2008,1
SOUTH DAKOTA,2009,2
SOUTH DAKOTA,2010,2
SOUTH DAKOTA,2011,0
SOUTH DAKOTA,2012,0
SOUTH DAKOTA,2013,0
SOUTH DAKOTA,2014,0
SOUTH DAKOTA,2015,0
SOUTH DAKOTA,2016,2
SOUTH DAKOTA,2017,0
SOUTH DAKOTA,2018,0
SOUTH DAKOTA,2019,12
SOUTH DAKOTA,2020,0
SOUTH DAKOTA,2021,0
TENNESSEE,1923,2
TENNESSEE,1924,729
TENNESSEE,1925,78
TENNESSEE,1926,156
TENNESSEE,1927,161
TENNESSEE,1928,509
TENNESSEE,1929,20
TENNESSEE,1930,379
TENNESSEE,1931,121
TENNESSEE,1932,10
TENNESSEE,1967,17
TENNESSEE,1968,5944
TENNESSEE,1969,2258
TENNESSEE,1970,3303
TENNESSEE,1971,5035
TENNESSEE,1972,2125
TENNESSEE,1973,2832
TENNESSEE,1974,2858
TENNESSEE,1975,2301
TENNESSEE,1976,1706
TENNESSEE,1977,638
TENNESSEE,1978,466
TENNESSEE,1979,110
TENNESSEE,1980,33
TENNESSEE,1981,24
TENNESSEE,1982,27
TENNESSEE,1983,29
TENNESSEE,1984,17
TENNESSEE,1985,18
TENNESSEE,1986,236
TENNESSEE,1987,1178
TENNESSEE,1988,219
TENNESSEE,1989,105
TENNESSEE,1990,50
TENNESSEE,1991,125
TENNESSEE,1992,15
TENNESSEE,1993,16
TENNESSEE,1994,8
TENNESSEE,1996,2
TENNESSEE,1997,4
TENNESSEE,1998,1
TENNESSEE,2000,2
TENNESSEE,2001,1
TENNESSEE,2002,3
TENNESSEE,2003,5
TENNESSEE,2004,4
TENNESSEE,2005,3
TENNESSEE,2006,11
TENNESSEE,2007,0
TENNESSEE,2008,2
TENNESSEE,2009,5
TENNESSEE,2010,3
TENNESSEE,2011,1
TENNESSEE,2012,3
TENNESSEE,2013,5
TENNESSEE,2014,2
TENNESSEE,2015,3
TENNESSEE,2016,2
TENNESSEE,2017,70
TENNESSEE,2018,11
TENNESSEE,2019,38
TENNESSEE,2020,5
TENNESSEE,2021,0
TEXAS,1923,10
TEXAS,1924,423
TEXAS,1925,57
TEXAS,1926,54
TEXAS,1927,158
TEXAS,1928,120
TEXAS,1929,50
TEXAS,1930,143
TEXAS,1931,503
TEXAS,1932,24
TEXAS,1967,81
TEXAS,1968,11340
TEXAS,1969,7885
TEXAS,1970,5972
TEXAS,1971,8680
TEXAS,1972,4949
TEXAS,1973,3506
TEXAS,1974,3049
TEXAS,1975,3819
TEXAS,1976,1735
TEXAS,1977,979
TEXAS,1978,1539
TEXAS,1979,895
TEXAS,1980,211
TEXAS,1981,216
TEXAS,1982,251
TEXAS,1983,217
TEXAS,1984,181
TEXAS,1985,315
TEXAS,1986,220
TEXAS,1987,317
TEXAS,1988,294
TEXAS,1989,596
TEXAS,1990,456
TEXAS,1991,340
TEXAS,1992,299
TEXAS,1993,228
TEXAS,1994,194
TEXAS,1996,22
TEXAS,1997,31
TEXAS,1998,22
TEXAS,1999,17
TEXAS,2000,6
TEXAS,2001,6
TEXAS,2002,15
TEXAS,2003,18
TEXAS,2004,23
TEXAS,2005,25
TEXAS,2006,58
TEXAS,2007,21
TEXAS,2008,20
TEXAS,2009,40
TEXAS,2010,121
TEXAS,2011,27
TEXAS,2012,12
TEXAS,2013,7
TEXAS,2014,9
TEXAS,2015,9
TEXAS,2016,191
TEXAS,2017,470
TEXAS,2018,264
TEXAS,2019,776
TEXAS,2020,17
TEXAS,2021,15
UTAH,1923,7
UTAH,1924,390
UTAH,1925,1066
UTAH,1926,475
UTAH,1927,51
UTAH,1928,264
UTAH,1929,2942
UTAH,1930,230
UTAH,1931,211
UTAH,1932,176
UTAH,1967,2
UTAH,1968,694
UTAH,1969,333
UTAH,1970,129
UTAH,1971,186
UTAH,1972,141
UTAH,1973,157
UTAH,1974,77
UTAH,1975,157
UTAH,1976,221
UTAH,1977,83
UTAH,1978,162
UTAH,1979,94
UTAH,1980,29
UTAH,1981,21
UTAH,1982,21
UTAH,1983,8
UTAH,1984,5
UTAH,1985,6
UTAH,1986,15
UTAH,1987,8
UTAH,1988,7
UTAH,1989,14
UTAH,1990,14
UTAH,1991,15
UTAH,1992,28
UTAH,1993,8
UTAH,1994,25
UTAH,1996,2
UTAH,1997,9
UTAH,1998,6
UTAH,1999,4
UTAH,2000,4
UTAH,2001,1
UTAH,2002,7
UTAH,2003,5
UTAH,2004,2
UTAH,2005,7
UTAH,2006,5
UTAH,2007,1
UTAH,2008,4
UTAH,2009,4
UTAH,2010,3
UTAH,2011,0
UTAH,2012,3
UTAH,2013,2
UTAH,2014,2
UTAH,2015,0
UTAH,2016,2
UTAH,2017,40
UTAH,2018,12
UTAH,2019,26
UTAH,2020,3
UTAH,2021,3
VERMONT,1924,45
VERMONT,1925,421
VERMONT,1926,9
VERMONT,1927,54
VERMONT,1928,57
VERMONT,1929,79
VERMONT,1930,13
VERMONT,1931,7
VERMONT,1932,58
VERMONT,1967,77
VERMONT,1968,1223
VERMONT,1969,1201
VERMONT,1970,736
VERMONT,1971,348
VERMONT,1972,156
VERMONT,1973,247
VERMONT,1974,20
VERMONT,1975,12
VERMONT,1976,48
VERMONT,1977,8
VERMONT,1978,6
VERMONT,1979,10
VERMONT,1980,12
VERMONT,1981,10
VERMONT,1982,7
VERMONT,1983,15
VERMONT,1984,5
VERMONT,1985,2
VERMONT,1986,2
VERMONT,1987,6
VERMONT,1988,5
VERMONT,1989,4
VERMONT,1990,2
VERMONT,1991,3
VERMONT,1992,1
VERMONT,2000,0
VERMONT,2001,0
VERMONT,2002,0
VERMONT,2003,0
VERMONT,2004,0
VERMONT,2005,0
VERMONT,2006,0
VERMONT,2007,0
VERMONT,2008,1
VERMONT,2009,2
VERMONT,2010,5
VERMONT,2011,1
VERMONT,2012,0
VERMONT,2013,1
VERMONT,2014,0
VERMONT,2015,1
VERMONT,2016,0
VERMONT,2017,1
VERMONT,2018,15
VERMONT,2019,2
VERMONT,2020,2
VERMONT,2021,1
VIRGINIA,1923,5
VIRGINIA,1924,761
VIRGINIA,1925,2292
VIRGINIA,1926,284
VIRGINIA,1927,174
VIRGINIA,1928,302
VIRGINIA,1929,2943
VIRGINIA,1930,1042
VIRGINIA,1931,109
VIRGINIA,1932,31
VIRGINIA,1967,22
VIRGINIA,1968,1245
VIRGINIA,1969,1289
VIRGINIA,1970,2228
VIRGINIA,1971,1059
VIRGINIA,1972,1318
VIRGINIA,1973,774
VIRGINIA,1974,767
VIRGINIA,1975,842
VIRGINIA,1976,225
VIRGINIA,1977,126
VIRGINIA,1978,198
VIRGINIA,1979,98
VIRGINIA,1980,86
VIRGINIA,1981,129
VIRGINIA,1982,44
VIRGINIA,1983,33
VIRGINIA,1984,23
VIRGINIA,1985,48
VIRGINIA,1986,43
VIRGINIA,1987,89
VIRGINIA,1988,138
VIRGINIA,1989,123
VIRGINIA,1990,93
VIRGINIA,1991,67
VIRGINIA,1992,37
VIRGINIA,1993,33
VIRGINIA,1994,46
VIRGINIA,1996,11
VIRGINIA,1997,19
VIRGINIA,1998,10
VIRGINIA,1999,9
VIRGINIA,2000,11
VIRGINIA,2001,6
VIRGINIA,2002,5
VIRGINIA,2003,1
VIRGINIA,2004,11
VIRGINIA,2005,2
VIRGINIA,2006,117
VIRGINIA,2007,27
VIRGINIA,2008,9
VIRGINIA,2009,9
VIRGINIA,2010,13
VIRGINIA,2011,13
VIRGINIA,2012,1
VIRGINIA,2013,20
VIRGINIA,2014,2
VIRGINIA,2015,13
VIRGINIA,2016,17
VIRGINIA,2017,45
VIRGINIA,2018,176
VIRGINIA,2019,64
VIRGINIA,2020,8
VIRGINIA,2021,7
WASHINGTON,1923,5
WASHINGTON,1924,367
WASHINGTON,1925,1688
WASHINGTON,1926,1759
WASHINGTON,1927,1420
WASHINGTON,1928,1426
WASHINGTON,1929,1020
WASHINGTON,1930,2077
WASHINGTON,1931,995
WASHINGTON,1932,273
WASHINGTON,1967,234
WASHINGTON,1968,6339
WASHINGTON,1969,4338
WASHINGTON,1970,5829
WASHINGTON,1971,6323
WASHINGTON,1972,3947
WASHINGTON,1973,1575
WASHINGTON,1974,2125
WASHINGTON,1975,4528
WASHINGTON,1976,882
WASHINGTON,1977,333
WASHINGTON,1978,213
WASHINGTON,1979,245
WASHINGTON,1980,131
WASHINGTON,1981,162
WASHINGTON,1982,102
WASHINGTON,1983,48
WASHINGTON,1984,62
WASHINGTON,1985,37
WASHINGTON,1986,24
WASHINGTON,1987,72
WASHINGTON,1988,45
WASHINGTON,1989,56
WASHINGTON,1990,61
WASHINGTON,1991,175
WASHINGTON,1992,17
WASHINGTON,1993,14
WASHINGTON,1994,9
WASHINGTON,1996,21
WASHINGTON,1997,15
WASHINGTON,1998,9
WASHINGTON,1999,2
WASHINGTON,2000,11
WASHINGTON,2001,1
WASHINGTON,2002,0
WASHINGTON,2003,11
WASHINGTON,2004,2
WASHINGTON,2005,3
WASHINGTON,2006,42
WASHINGTON,2007,53
WASHINGTON,2008,14
WASHINGTON,2009,6
WASHINGTON,2010,7
WASHINGTON,2011,2
WASHINGTON,2012,2
WASHINGTON,2013,2
WASHINGTON,2014,5
WASHINGTON,2015,6
WASHINGTON,2016,152
WASHINGTON,2017,821
WASHINGTON,2018,55
WASHINGTON,2019,47
WASHINGTON,2020,6
WASHINGTON,2021,1
WEST VIRGINIA,1923,0
WEST VIRGINIA,1924,129
WEST VIRGINIA,1925,60
WEST VIRGINIA,1926,17
WEST VIRGINIA,1927,26
WEST VIRGINIA,1928,264
WEST VIRGINIA,1929,98
WEST VIRGINIA,1930,147
WEST VIRGINIA,1931,55
WEST VIRGINIA,1932,6
WEST VIRGINIA,1967,129
WEST VIRGINIA,1968,3386
WEST VIRGINIA,1969,2716
WEST VIRGINIA,1970,2535
WEST VIRGINIA,1971,2539
WEST VIRGINIA,1972,2564
WEST VIRGINIA,1973,2619
WEST VIRGINIA,1974,3318
WEST VIRGINIA,1975,1442
WEST VIRGINIA,1976,857
WEST VIRGINIA,1977,213
WEST VIRGINIA,1978,143
WEST VIRGINIA,1979,124
WEST VIRGINIA,1980,139
WEST VIRGINIA,1981,116
WEST VIRGINIA,1982,113
WEST VIRGINIA,1983,56
WEST VIRGINIA,1984,41
WEST VIRGINIA,1985,71
WEST VIRGINIA,1986,46
WEST VIRGINIA,1987,37
WEST VIRGINIA,1988,17
WEST VIRGINIA,1989,16
WEST VIRGINIA,1990,43
WEST VIRGINIA,1991,26
WEST VIRGINIA,1992,27
WEST VIRGINIA,1993,19
WEST VIRGINIA,1994,3
WEST VIRGINIA,1997,2
WEST VIRGINIA,2000,1
WEST VIRGINIA,2001,0
WEST VIRGINIA,2002,0
WEST VIRGINIA,2003,0
WEST VIRGINIA,2004,1
WEST VIRGINIA,2005,0
WEST VIRGINIA,2006,24
WEST VIRGINIA,2007,3
WEST VIRGINIA,2008,1
WEST VIRGINIA,2009,1
WEST VIRGINIA,2010,2
WEST VIRGINIA,2011,1
WEST VIRGINIA,2012,2
WEST VIRGINIA,2013,0
WEST VIRGINIA,2014,1
WEST VIRGINIA,2015,1
WEST VIRGINIA,2016,3
WEST VIRGINIA,2017,2
WEST VIRGINIA,2018,1
WEST VIRGINIA,2019,2
WEST VIRGINIA,2020,1
WEST VIRGINIA,2021,1
WISCONSIN,1923,0
WISCONSIN,1924,1511
WISCONSIN,1925,4257
WISCONSIN,1926,1614
WISCONSIN,1927,3944
WISCONSIN,1928,985
WISCONSIN,1929,754
WISCONSIN,1930,2750
WISCONSIN,1931,14533
WISCONSIN,1932,2681
WISCONSIN,1968,15543
WISCONSIN,1969,8400
WISCONSIN,1970,11346
WISCONSIN,1971,16591
WISCONSIN,1972,8142
WISCONSIN,1973,4657
WISCONSIN,1974,3378
WISCONSIN,1975,5983
WISCONSIN,1976,4199
WISCONSIN,1977,1878
WISCONSIN,1978,1348
WISCONSIN,1979,1246
WISCONSIN,1980,359
WISCONSIN,1981,195
WISCONSIN,1982,115
WISCONSIN,1983,14
WISCONSIN,1984,6
WISCONSIN,1985,3
WISCONSIN,1986,12
WISCONSIN,1987,66
WISCONSIN,1988,4
WISCONSIN,1989,4
WISCONSIN,1990,3
WISCONSIN,1991,2
WISCONSIN,1992,1
WISCONSIN,2000,3
WISCONSIN,2001,2
WISCONSIN,2002,1
WISCONSIN,2003,2
WISCONSIN,2004,1
WISCONSIN,2005,5
WISCONSIN,2006,842
WISCONSIN,2007,51
WISCONSIN,2008,13
WISCONSIN,2009,9
WISCONSIN,2010,5
WISCONSIN,2011,4
WISCONSIN,2012,8
WISCONSIN,2013,2
WISCONSIN,2014,3
WISCONSIN,2015,5
WISCONSIN,2016,48
WISCONSIN,2017,49
WISCONSIN,2018,25
WISCONSIN,2019,30
WISCONSIN,2020,9
WISCONSIN,2021,4
WYOMING,1967,23
WYOMING,1968,376
WYOMING,1969,8
WYOMING,1970,44
WYOMING,1971,425
WYOMING,1972,364
WYOMING,1973,419
WYOMING,1974,10
WYOMING,1975,2
WYOMING,1976,1
WYOMING,1977,4
WYOMING,1978,2
WYOMING,1981,3
WYOMING,1982,2
WYOMING,1983,4
WYOMING,1984,2
WYOMING,1985,2
WYOMING,1988,7
WYOMING,1989,4
WYOMING,1990,3
WYOMING,1991,5
WYOMING,1993,5
WYOMING,1994,3
WYOMING,1996,1
WYOMING,1997,1
WYOMING,1998,1
WYOMING,2000,1
WYOMING,2001,1
WYOMING,2002,0
WYOMING,2003,0
WYOMING,2004,1
WYOMING,2005,2
WYOMING,2006,9
WYOMING,2007,0
WYOMING,2008,0
WYOMING,2009,0
WYOMING,2010,1
WYOMING,2011,1
WYOMING,2012,1
WYOMING,2013,0
WYOMING,2014,0
WYOMING,2015,0
WYOMING,2016,0
WYOMING,2017,0
WYOMING,2018,0
WYOMING,2019,0
WYOMING,2020,0
WYOMING,2021,0