state,birth_year,hepb_3dose_pct,coverage_95ci,sample_size
Alabama,2011,87.5,80.3 to 92.9,218.0
Alabama,2012,91.0,83.4 to 96.0,233.0
Alabama,2013,91.1,85.5 to 95.2,260.0
Alabama,2014,92.1,87.1 to 95.7,276.0
Alabama,2015,93.0,88.8 to 96.0,287.0
Alabama,2016,91.0,86.2 to 94.7,309.0
Alabama,2017,92.1,86.5 to 96.0,259.0
Alabama,2018,92.8,87.1 to 96.6,232.0
Alabama,2019,91.9,86.6 to 95.7,227.0
Alabama,2020,90.3,85.1 to 94.2,240.0
Alabama,2021,84.2,78.0 to 89.6,270.0
Alabama,2022,86.1,78.3 to 92.2,184.0
Alaska,2011,93.7,89.6 to 96.6,288.0
Alaska,2012,93.4,89.0 to 96.5,273.0
Alaska,2013,87.4,82.0 to 91.7,303.0
Alaska,2014,91.4,87.3 to 94.6,275.0
Alaska,2015,90.1,85.9 to 93.5,257.0
Alaska,2016,88.1,82.0 to 92.9,228.0
Alaska,2017,89.6,84.8 to 93.4,258.0
Alaska,2018,92.0,87.7 to 95.3,275.0
Alaska,2019,88.2,82.4 to 92.8,287.0
Alaska,2020,89.1,84.2 to 93.0,302.0
Alaska,2021,87.7,81.7 to 92.5,279.0
Alaska,2022,85.7,71.9 to 94.9,126.0
Arizona,2011,84.2,77.5 to 89.8,266.0
Arizona,2012,85.1,78.8 to 90.4,277.0
Arizona,2013,88.9,83.1 to 93.4,264.0
Arizona,2014,90.2,85.2 to 94.1,259.0
Arizona,2015,83.7,77.0 to 89.3,248.0
Arizona,2016,90.1,85.3 to 93.9,257.0
Arizona,2017,89.8,84.8 to 93.6,278.0
Arizona,2018,97.1,94.4 to 98.8,284.0
Arizona,2019,90.8,85.8 to 94.6,235.0
Arizona,2020,82.2,75.4 to 88.0,271.0
Arizona,2021,87.5,81.0 to 92.6,293.0
Arizona,2022,95.3,91.4 to 97.8,145.0
Arkansas,2011,91.4,86.1 to 95.3,230.0
Arkansas,2012,94.9,91.7 to 97.2,236.0
Arkansas,2013,93.5,88.8 to 96.7,212.0
Arkansas,2014,94.4,90.5 to 97.1,239.0
Arkansas,2015,90.4,85.3 to 94.4,265.0
Arkansas,2016,92.8,87.9 to 96.2,272.0
Arkansas,2017,92.4,87.9 to 95.7,390.0
Arkansas,2018,92.6,88.7 to 95.6,426.0
Arkansas,2019,89.6,84.4 to 93.6,357.0
Arkansas,2020,89.1,84.5 to 92.9,323.0
Arkansas,2021,91.1,86.5 to 94.6,312.0
Arkansas,2022,92.5,85.5 to 96.9,144.0
California,2011,89.6,83.0 to 94.4,298.0
California,2012,94.1,90.0 to 97.0,320.0
California,2013,91.2,86.1 to 95.0,319.0
California,2014,86.0,79.2 to 91.5,355.0
California,2015,88.7,81.1 to 94.2,293.0
California,2016,90.9,84.0 to 95.6,306.0
California,2017,90.6,85.2 to 94.7,418.0
California,2018,90.9,86.7 to 94.3,559.0
California,2019,94.5,92.2 to 96.4,537.0
California,2020,88.0,80.9 to 93.4,434.0
California,2021,90.4,86.5 to 93.5,397.0
California,2022,87.7,81.1 to 92.8,193.0
Colorado,2011,83.8,77.6 to 89.0,277.0
Colorado,2012,89.4,83.6 to 93.8,297.0
Colorado,2013,91.1,86.3 to 94.7,250.0
Colorado,2014,94.0,89.7 to 96.9,232.0
Colorado,2015,88.3,83.3 to 92.5,272.0
Colorado,2016,92.7,87.3 to 96.3,247.0
Colorado,2017,91.3,84.5 to 96.0,231.0
Colorado,2018,91.4,86.1 to 95.3,296.0
Colorado,2019,94.6,91.3 to 97.0,265.0
Colorado,2020,90.6,86.1 to 94.2,311.0
Colorado,2021,91.8,87.7 to 94.9,302.0
Colorado,2022,93.2,88.4 to 96.5,177.0
Connecticut,2011,95.3,92.1 to 97.5,243.0
Connecticut,2012,91.9,86.3 to 95.8,245.0
Connecticut,2013,96.6,93.8 to 98.4,255.0
Connecticut,2014,91.5,86.8 to 95.1,263.0
Connecticut,2015,89.7,83.0 to 94.6,216.0
Connecticut,2016,94.4,88.0 to 98.1,182.0
Connecticut,2017,89.6,81.9 to 95.0,184.0
Connecticut,2018,95.2,90.8 to 97.9,308.0
Connecticut,2019,94.4,90.5 to 97.0,311.0
Connecticut,2020,94.3,89.4 to 97.4,248.0
Connecticut,2021,96.3,93.5 to 98.1,254.0
Connecticut,2022,94.9,88.5 to 98.3,136.0
Delaware,2011,93.9,89.7 to 96.8,264.0
Delaware,2012,97.8,95.3 to 99.1,251.0
Delaware,2013,93.6,88.7 to 96.9,222.0
Delaware,2014,90.4,84.3 to 94.9,234.0
Delaware,2015,87.5,81.3 to 92.4,227.0
Delaware,2016,89.7,83.9 to 94.1,233.0
Delaware,2017,92.9,88.8 to 95.9,308.0
Delaware,2018,90.7,86.2 to 94.1,248.0
Delaware,2019,94.4,90.4 to 97.1,205.0
Delaware,2020,88.7,83.2 to 93.0,183.0
Delaware,2021,87.0,80.5 to 92.2,179.0
Delaware,2022,94.6,89.2 to 97.8,115.0
Florida,2011,88.7,82.7 to 93.4,236.0
Florida,2012,91.0,85.8 to 94.9,240.0
Florida,2013,89.2,83.7 to 93.5,272.0
Florida,2014,90.4,84.3 to 94.8,274.0
Florida,2015,89.0,83.6 to 93.3,309.0
Florida,2016,91.3,86.1 to 95.1,349.0
Florida,2017,92.0,87.3 to 95.5,374.0
Florida,2018,91.3,85.1 to 95.6,324.0
Florida,2019,92.6,88.8 to 95.5,333.0
Florida,2020,91.3,87.6 to 94.2,390.0
Florida,2021,92.6,88.9 to 95.4,433.0
Florida,2022,92.8,88.4 to 96.0,203.0
Georgia,2011,92.0,86.7 to 95.8,219.0
Georgia,2012,93.1,87.8 to 96.7,270.0
Georgia,2013,98.2,96.7 to 99.2,276.0
Georgia,2014,92.0,87.4 to 95.5,284.0
Georgia,2015,90.7,86.0 to 94.4,306.0
Georgia,2016,94.7,91.2 to 97.0,334.0
Georgia,2017,92.5,87.0 to 96.3,292.0
Georgia,2018,92.7,87.5 to 96.2,282.0
Georgia,2019,93.4,88.8 to 96.7,273.0
Georgia,2020,89.2,80.6 to 95.2,338.0
Georgia,2021,91.6,87.6 to 94.8,376.0
Georgia,2022,91.0,85.4 to 95.1,193.0
Hawaii,2011,86.1,80.1 to 91.1,244.0
Hawaii,2012,92.1,88.1 to 95.2,270.0
Hawaii,2013,90.2,85.4 to 93.9,261.0
Hawaii,2014,87.0,81.5 to 91.6,248.0
Hawaii,2015,90.9,85.7 to 94.8,240.0
Hawaii,2016,90.3,85.5 to 94.0,230.0
Hawaii,2017,92.1,88.0 to 95.2,229.0
Hawaii,2018,89.5,84.3 to 93.5,268.0
Hawaii,2019,91.6,88.0 to 94.4,246.0
Hawaii,2020,85.1,78.5 to 90.5,201.0
Hawaii,2021,93.3,89.3 to 96.2,238.0
Hawaii,2022,88.4,82.1 to 93.3,140.0
Idaho,2011,92.4,87.5 to 95.8,246.0
Idaho,2012,92.2,87.4 to 95.7,223.0
Idaho,2013,89.9,85.0 to 93.8,224.0
Idaho,2014,91.2,85.8 to 95.1,201.0
Idaho,2015,89.9,83.8 to 94.4,214.0
Idaho,2016,93.2,89.0 to 96.2,190.0
Idaho,2017,92.3,88.6 to 95.1,499.0
Idaho,2018,96.9,94.8 to 98.3,443.0
Idaho,2019,92.8,88.9 to 95.7,306.0
Idaho,2020,94.1,90.1 to 96.9,286.0
Idaho,2021,89.4,83.1 to 94.1,251.0
Idaho,2022,91.2,86.0 to 95.0,175.0
Illinois,2011,89.8,86.1 to 92.9,583.0
Illinois,2012,88.6,84.7 to 91.9,543.0
Illinois,2013,93.4,90.6 to 95.6,537.0
Illinois,2014,94.1,91.4 to 96.1,493.0
Illinois,2015,91.5,87.5 to 94.6,467.0
Illinois,2016,92.2,88.6 to 95.1,484.0
Illinois,2017,92.0,88.4 to 94.9,502.0
Illinois,2018,93.4,90.2 to 95.8,542.0
Illinois,2019,92.5,89.2 to 95.1,548.0
Illinois,2020,91.6,88.4 to 94.2,549.0
Illinois,2021,93.2,90.6 to 95.3,601.0
Illinois,2022,95.7,91.4 to 98.2,282.0
Indiana,2011,90.7,85.2 to 94.8,271.0
Indiana,2012,91.0,85.8 to 94.9,307.0
Indiana,2013,92.1,86.1 to 96.1,218.0
Indiana,2014,90.7,85.2 to 94.7,258.0
Indiana,2015,86.0,79.3 to 91.4,251.0
Indiana,2016,91.9,87.1 to 95.5,285.0
Indiana,2017,92.9,89.1 to 95.8,304.0
Indiana,2018,90.5,85.7 to 94.2,272.0
Indiana,2019,92.9,87.8 to 96.4,209.0
Indiana,2020,91.1,85.1 to 95.4,232.0
Indiana,2021,90.7,85.1 to 94.8,228.0
Indiana,2022,88.2,79.8 to 94.3,123.0
Iowa,2011,95.3,90.3 to 98.2,220.0
Iowa,2012,93.1,88.7 to 96.2,247.0
Iowa,2013,96.7,93.7 to 98.5,265.0
Iowa,2014,92.8,88.5 to 95.9,277.0
Iowa,2015,96.6,92.3 to 98.9,238.0
Iowa,2016,96.8,93.6 to 98.6,198.0
Iowa,2017,93.9,89.2 to 97.0,228.0
Iowa,2018,98.1,96.0 to 99.2,255.0
Iowa,2019,95.0,90.7 to 97.8,250.0
Iowa,2020,93.4,88.9 to 96.6,271.0
Iowa,2021,93.2,88.8 to 96.4,276.0
Iowa,2022,97.8,95.2 to 99.1,178.0
Kansas,2011,89.3,82.9 to 94.1,221.0
Kansas,2012,94.8,90.6 to 97.6,224.0
Kansas,2013,94.9,91.4 to 97.3,231.0
Kansas,2014,94.4,90.4 to 97.1,208.0
Kansas,2015,90.9,84.7 to 95.3,180.0
Kansas,2016,89.5,84.2 to 93.6,301.0
Kansas,2017,95.4,92.2 to 97.6,354.0
Kansas,2018,93.1,88.8 to 96.1,395.0
Kansas,2019,93.9,90.7 to 96.3,358.0
Kansas,2020,90.5,85.8 to 94.2,368.0
Kansas,2021,90.7,86.9 to 93.8,390.0
Kansas,2022,87.8,82.1 to 92.4,220.0
Kentucky,2011,89.5,83.2 to 94.1,217.0
Kentucky,2012,90.8,85.5 to 94.8,236.0
Kentucky,2013,92.2,87.2 to 95.8,236.0
Kentucky,2014,90.9,85.3 to 95.1,246.0
Kentucky,2015,92.8,86.8 to 96.7,210.0
Kentucky,2016,96.8,91.5 to 99.2,181.0
Kentucky,2017,90.8,85.2 to 94.9,238.0
Kentucky,2018,92.4,87.5 to 95.9,278.0
Kentucky,2019,93.2,88.3 to 96.5,271.0
Kentucky,2020,91.2,85.8 to 95.2,324.0
Kentucky,2021,92.2,87.9 to 95.3,333.0
Kentucky,2022,92.1,87.2 to 95.7,186.0
Louisiana,2011,94.5,89.9 to 97.5,257.0
Louisiana,2012,95.8,92.1 to 98.1,249.0
Louisiana,2013,91.6,86.7 to 95.2,238.0
Louisiana,2014,96.7,94.3 to 98.3,261.0
Louisiana,2015,94.7,91.6 to 97.0,274.0
Louisiana,2016,93.7,88.1 to 97.2,266.0
Louisiana,2017,91.2,86.1 to 95.0,399.0
Louisiana,2018,91.7,87.2 to 95.0,401.0
Louisiana,2019,93.5,89.7 to 96.3,411.0
Louisiana,2020,91.9,87.6 to 95.1,433.0
Louisiana,2021,94.4,91.7 to 96.4,428.0
Louisiana,2022,97.6,93.6 to 99.4,214.0
Maine,2011,86.1,80.0 to 91.1,203.0
Maine,2012,91.0,86.2 to 94.6,233.0
Maine,2013,89.5,83.7 to 94.0,244.0
Maine,2014,86.3,81.5 to 90.4,275.0
Maine,2015,90.2,85.8 to 93.7,278.0
Maine,2016,90.3,85.6 to 94.0,243.0
Maine,2017,90.7,86.8 to 93.9,259.0
Maine,2018,92.8,88.5 to 95.9,251.0
Maine,2019,90.7,85.5 to 94.6,244.0
Maine,2020,94.1,89.6 to 97.1,223.0
Maine,2021,92.0,87.8 to 95.2,228.0
Maine,2022,92.9,87.1 to 96.7,133.0
Maryland,2011,95.0,90.9 to 97.6,300.0
Maryland,2012,88.4,81.9 to 93.4,328.0
Maryland,2013,94.3,89.9 to 97.2,361.0
Maryland,2014,90.4,85.3 to 94.3,366.0
Maryland,2015,91.4,85.6 to 95.6,372.0
Maryland,2016,92.7,88.4 to 95.8,464.0
Maryland,2017,94.1,91.4 to 96.2,766.0
Maryland,2018,94.8,92.7 to 96.5,837.0
Maryland,2019,92.7,89.3 to 95.3,614.0
Maryland,2020,94.3,91.5 to 96.4,494.0
Maryland,2021,91.9,87.3 to 95.3,525.0
Maryland,2022,97.2,95.0 to 98.6,268.0
Massachusetts,2011,90.7,84.1 to 95.3,237.0
Massachusetts,2012,94.1,89.4 to 97.2,260.0
Massachusetts,2013,94.2,90.4 to 96.9,303.0
Massachusetts,2014,94.4,89.4 to 97.6,291.0
Massachusetts,2015,95.2,91.0 to 97.8,292.0
Massachusetts,2016,95.8,91.4 to 98.4,267.0
Massachusetts,2017,96.8,93.1 to 98.8,330.0
Massachusetts,2018,92.5,87.4 to 96.1,365.0
Massachusetts,2019,95.4,91.9 to 97.8,295.0
Massachusetts,2020,95.6,92.4 to 97.7,268.0
Massachusetts,2021,97.4,95.2 to 98.8,277.0
Massachusetts,2022,92.0,85.7 to 96.3,175.0
Michigan,2011,88.5,83.4 to 92.6,255.0
Michigan,2012,87.1,79.4 to 93.0,212.0
Michigan,2013,90.4,85.0 to 94.4,240.0
Michigan,2014,93.1,88.5 to 96.3,250.0
Michigan,2015,90.6,84.8 to 94.9,236.0
Michigan,2016,92.2,87.6 to 95.6,291.0
Michigan,2017,92.4,88.0 to 95.6,402.0
Michigan,2018,95.9,92.6 to 98.0,415.0
Michigan,2019,94.9,92.0 to 97.0,375.0
Michigan,2020,89.4,83.3 to 94.0,448.0
Michigan,2021,93.7,89.9 to 96.5,467.0
Michigan,2022,93.4,88.5 to 96.7,251.0
Minnesota,2011,89.6,83.4 to 94.3,208.0
Minnesota,2012,93.3,88.4 to 96.6,225.0
Minnesota,2013,93.6,89.3 to 96.6,293.0
Minnesota,2014,95.2,91.3 to 97.7,269.0
Minnesota,2015,88.9,81.4 to 94.3,227.0
Minnesota,2016,92.4,85.9 to 96.7,217.0
Minnesota,2017,94.8,91.4 to 97.1,290.0
Minnesota,2018,93.8,89.5 to 96.8,328.0
Minnesota,2019,93.1,88.1 to 96.5,283.0
Minnesota,2020,92.0,86.7 to 95.7,239.0
Minnesota,2021,93.3,89.7 to 96.1,278.0
Minnesota,2022,95.8,91.2 to 98.4,166.0
Mississippi,2011,92.6,87.6 to 96.2,198.0
Mississippi,2012,93.9,88.1 to 97.4,230.0
Mississippi,2013,93.4,87.9 to 96.9,217.0
Mississippi,2014,90.0,83.8 to 94.5,239.0
Mississippi,2015,88.2,83.0 to 92.4,272.0
Mississippi,2016,96.4,93.4 to 98.3,307.0
Mississippi,2017,92.6,88.0 to 95.9,321.0
Mississippi,2018,91.4,86.1 to 95.3,276.0
Mississippi,2019,91.3,85.0 to 95.6,324.0
Mississippi,2020,90.6,85.3 to 94.6,308.0
Mississippi,2021,89.8,84.2 to 94.1,268.0
Mississippi,2022,86.8,74.6 to 95.0,160.0
Missouri,2011,91.7,86.5 to 95.5,228.0
Missouri,2012,94.4,89.2 to 97.6,274.0
Missouri,2013,89.6,83.7 to 94.1,208.0
Missouri,2014,92.3,88.3 to 95.3,241.0
Missouri,2015,90.8,85.5 to 94.8,235.0
Missouri,2016,87.8,81.9 to 92.4,238.0
Missouri,2017,91.1,86.6 to 94.5,384.0
Missouri,2018,93.8,89.6 to 96.8,416.0
Missouri,2019,88.2,82.5 to 92.7,402.0
Missouri,2020,95.5,92.2 to 97.7,390.0
Missouri,2021,91.5,88.0 to 94.3,387.0
Missouri,2022,94.3,90.1 to 97.2,194.0
Montana,2011,90.5,85.2 to 94.5,250.0
Montana,2012,91.3,85.9 to 95.3,219.0
Montana,2013,86.3,80.3 to 91.3,249.0
Montana,2014,89.6,84.5 to 93.6,225.0
Montana,2015,90.9,84.6 to 95.4,256.0
Montana,2016,90.6,85.2 to 94.6,257.0
Montana,2017,91.0,86.2 to 94.7,265.0
Montana,2018,94.1,90.4 to 96.7,233.0
Montana,2019,92.9,87.9 to 96.3,187.0
Montana,2020,88.2,82.9 to 92.6,220.0
Montana,2021,89.6,84.1 to 93.9,219.0
Montana,2022,92.3,87.6 to 95.7,154.0
Nebraska,2011,91.8,87.2 to 95.2,243.0
Nebraska,2012,94.0,89.9 to 96.9,232.0
Nebraska,2013,95.0,90.4 to 97.8,225.0
Nebraska,2014,90.9,85.2 to 95.1,251.0
Nebraska,2015,94.6,90.0 to 97.5,238.0
Nebraska,2016,93.4,88.3 to 96.8,223.0
Nebraska,2017,96.8,93.8 to 98.6,266.0
Nebraska,2018,93.2,89.1 to 96.1,279.0
Nebraska,2019,94.2,90.5 to 96.8,259.0
Nebraska,2020,96.1,93.3 to 97.9,251.0
Nebraska,2021,91.6,87.0 to 95.1,256.0
Nebraska,2022,95.3,91.1 to 97.9,148.0
Nevada,2011,88.6,83.3 to 92.8,293.0
Nevada,2012,89.3,83.6 to 93.7,272.0
Nevada,2013,89.4,83.7 to 93.8,234.0
Nevada,2014,87.5,81.0 to 92.6,186.0
Nevada,2015,91.2,86.8 to 94.6,253.0
Nevada,2016,89.4,84.3 to 93.3,327.0
Nevada,2017,88.9,83.6 to 93.1,344.0
Nevada,2018,94.9,91.8 to 97.1,378.0
Nevada,2019,90.7,86.2 to 94.2,340.0
Nevada,2020,88.7,81.9 to 93.8,323.0
Nevada,2021,90.0,85.5 to 93.5,352.0
Nevada,2022,91.3,83.2 to 96.5,200.0
New Hampshire,2011,95.2,91.6 to 97.5,244.0
New Hampshire,2012,92.9,87.6 to 96.4,225.0
New Hampshire,2013,95.3,91.8 to 97.6,222.0
New Hampshire,2014,95.2,90.9 to 97.8,219.0
New Hampshire,2015,93.5,87.7 to 97.2,223.0
New Hampshire,2016,93.2,88.5 to 96.4,231.0
New Hampshire,2017,98.4,96.1 to 99.5,244.0
New Hampshire,2018,95.0,91.5 to 97.4,269.0
New Hampshire,2019,94.0,89.6 to 96.9,214.0
New Hampshire,2020,96.4,93.0 to 98.4,189.0
New Hampshire,2021,95.9,93.1 to 97.9,231.0
New Hampshire,2022,95.8,91.1 to 98.5,123.0
New Jersey,2011,91.7,86.2 to 95.7,264.0
New Jersey,2012,90.5,85.6 to 94.3,288.0
New Jersey,2013,94.9,91.2 to 97.4,252.0
New Jersey,2014,88.1,82.6 to 92.5,334.0
New Jersey,2015,91.9,87.3 to 95.3,315.0
New Jersey,2016,90.4,84.5 to 94.7,298.0
New Jersey,2017,89.8,83.5 to 94.4,263.0
New Jersey,2018,94.0,89.5 to 97.0,269.0
New Jersey,2019,91.3,85.5 to 95.5,279.0
New Jersey,2020,94.5,91.2 to 96.9,268.0
New Jersey,2021,89.8,84.5 to 93.9,291.0
New Jersey,2022,86.2,73.8 to 94.7,172.0
New Mexico,2011,90.2,85.0 to 94.1,268.0
New Mexico,2012,90.0,84.1 to 94.3,263.0
New Mexico,2013,91.1,86.8 to 94.5,250.0
New Mexico,2014,91.1,86.4 to 94.7,247.0
New Mexico,2015,95.1,90.6 to 97.9,253.0
New Mexico,2016,92.9,89.5 to 95.6,395.0
New Mexico,2017,90.4,85.8 to 94.0,429.0
New Mexico,2018,94.5,91.1 to 96.9,447.0
New Mexico,2019,96.3,94.3 to 97.8,374.0
New Mexico,2020,92.0,87.7 to 95.2,357.0
New Mexico,2021,90.3,85.9 to 93.7,352.0
New Mexico,2022,92.9,87.8 to 96.4,186.0
New York,2011,90.1,85.8 to 93.5,466.0
New York,2012,92.3,89.1 to 94.9,492.0
New York,2013,93.3,90.3 to 95.6,545.0
New York,2014,92.2,89.3 to 94.5,592.0
New York,2015,90.6,86.8 to 93.6,503.0
New York,2016,87.6,83.0 to 91.5,506.0
New York,2017,92.1,88.9 to 94.6,648.0
New York,2018,90.8,87.5 to 93.6,733.0
New York,2019,90.3,86.5 to 93.4,637.0
New York,2020,92.3,89.0 to 94.8,624.0
New York,2021,90.7,86.7 to 94.0,640.0
New York,2022,90.1,84.9 to 94.2,360.0
North Carolina,2011,92.5,87.3 to 96.1,252.0
North Carolina,2012,92.5,87.1 to 96.3,271.0
North Carolina,2013,92.8,87.4 to 96.5,271.0
North Carolina,2014,89.2,82.8 to 93.9,287.0
North Carolina,2015,91.0,85.9 to 94.9,320.0
North Carolina,2016,95.0,91.4 to 97.5,352.0
North Carolina,2017,92.9,87.6 to 96.4,292.0
North Carolina,2018,93.2,87.2 to 97.0,271.0
North Carolina,2019,95.2,90.8 to 97.9,314.0
North Carolina,2020,93.5,90.6 to 95.8,459.0
North Carolina,2021,93.8,90.8 to 96.0,435.0
North Carolina,2022,92.6,84.0 to 97.5,207.0
North Dakota,2011,91.2,86.3 to 94.8,299.0
North Dakota,2012,91.7,86.9 to 95.3,294.0
North Dakota,2013,90.7,85.0 to 94.9,237.0
North Dakota,2014,92.9,88.7 to 96.0,230.0
North Dakota,2015,95.3,92.1 to 97.5,217.0
North Dakota,2016,93.2,89.2 to 96.1,227.0
North Dakota,2017,93.8,90.0 to 96.5,298.0
North Dakota,2018,95.3,91.6 to 97.7,293.0
North Dakota,2019,95.9,92.8 to 97.9,263.0
North Dakota,2020,95.8,92.3 to 98.0,248.0
North Dakota,2021,89.4,83.7 to 93.8,233.0
North Dakota,2022,94.1,89.0 to 97.4,151.0
Ohio,2011,89.3,82.9 to 94.2,229.0
Ohio,2012,93.5,89.6 to 96.4,239.0
Ohio,2013,90.9,85.2 to 95.1,207.0
Ohio,2014,91.0,86.4 to 94.5,232.0
Ohio,2015,86.2,81.0 to 90.5,292.0
Ohio,2016,93.6,89.0 to 96.7,283.0
Ohio,2017,87.4,80.3 to 92.9,283.0
Ohio,2018,92.8,88.4 to 96.0,406.0
Ohio,2019,91.3,87.0 to 94.6,384.0
Ohio,2020,90.8,87.0 to 93.9,484.0
Ohio,2021,93.9,90.9 to 96.2,418.0
Ohio,2022,93.6,88.8 to 96.8,237.0
Oklahoma,2011,91.7,87.6 to 94.9,279.0
Oklahoma,2012,94.6,89.9 to 97.6,260.0
Oklahoma,2013,91.6,86.1 to 95.6,198.0
Oklahoma,2014,90.5,84.5 to 94.9,227.0
Oklahoma,2015,91.2,86.8 to 94.6,275.0
Oklahoma,2016,86.8,81.9 to 90.9,319.0
Oklahoma,2017,87.2,80.8 to 92.3,243.0
Oklahoma,2018,91.5,86.6 to 95.1,194.0
Oklahoma,2019,91.0,85.1 to 95.3,205.0
Oklahoma,2020,90.7,85.7 to 94.5,298.0
Oklahoma,2021,88.1,83.1 to 92.1,236.0
Oklahoma,2022,84.9,74.5 to 92.6,120.0
Oregon,2011,81.7,75.2 to 87.3,266.0
Oregon,2012,84.3,77.8 to 89.7,229.0
Oregon,2013,89.7,84.0 to 94.0,208.0
Oregon,2014,87.4,82.4 to 91.5,270.0
Oregon,2015,89.3,83.6 to 93.6,243.0
Oregon,2016,90.7,84.7 to 95.0,177.0
Oregon,2017,91.1,84.8 to 95.6,195.0
Oregon,2018,91.7,87.0 to 95.2,290.0
Oregon,2019,93.2,89.7 to 95.9,264.0
Oregon,2020,89.3,83.6 to 93.7,220.0
Oregon,2021,88.9,84.0 to 92.9,255.0
Oregon,2022,96.1,92.1 to 98.4,152.0
Pennsylvania,2011,91.3,87.0 to 94.7,626.0
Pennsylvania,2012,92.6,89.1 to 95.3,611.0
Pennsylvania,2013,94.0,90.0 to 96.7,561.0
Pennsylvania,2014,86.1,80.1 to 91.0,556.0
Pennsylvania,2015,93.6,88.1 to 97.1,517.0
Pennsylvania,2016,91.4,86.9 to 94.8,580.0
Pennsylvania,2017,93.7,89.0 to 96.8,560.0
Pennsylvania,2018,94.8,91.6 to 97.1,650.0
Pennsylvania,2019,94.9,91.8 to 97.1,641.0
Pennsylvania,2020,91.4,87.4 to 94.6,655.0
Pennsylvania,2021,90.6,87.3 to 93.4,668.0
Pennsylvania,2022,93.2,89.2 to 96.1,359.0
Rhode Island,2011,96.0,92.7 to 98.1,221.0
Rhode Island,2012,98.3,96.4 to 99.3,233.0
Rhode Island,2013,94.4,90.7 to 97.0,252.0
Rhode Island,2014,95.3,91.3 to 97.8,245.0
Rhode Island,2015,96.9,93.1 to 98.9,248.0
Rhode Island,2016,96.4,93.6 to 98.2,250.0
Rhode Island,2017,97.1,93.7 to 98.9,237.0
Rhode Island,2018,98.6,96.2 to 99.6,225.0
Rhode Island,2019,96.3,92.2 to 98.6,277.0
Rhode Island,2020,99.0,97.6 to 99.6,301.0
Rhode Island,2021,97.6,95.3 to 99.0,354.0
Rhode Island,2022,98.2,95.4 to 99.5,201.0
South Carolina,2011,94.9,90.8 to 97.6,252.0
South Carolina,2012,89.9,83.2 to 94.8,255.0
South Carolina,2013,89.3,83.8 to 93.6,261.0
South Carolina,2014,93.6,89.3 to 96.7,251.0
South Carolina,2015,95.0,90.6 to 97.7,273.0
South Carolina,2016,95.4,91.1 to 98.0,291.0
South Carolina,2017,91.3,86.6 to 94.9,288.0
South Carolina,2018,91.7,86.4 to 95.5,244.0
South Carolina,2019,93.3,87.8 to 96.9,245.0
South Carolina,2020,91.7,85.9 to 95.8,243.0
South Carolina,2021,92.5,88.2 to 95.6,300.0
South Carolina,2022,95.9,92.3 to 98.2,160.0
South Dakota,2011,90.9,84.5 to 95.4,194.0
South Dakota,2012,95.5,90.3 to 98.4,211.0
South Dakota,2013,91.8,86.2 to 95.8,222.0
South Dakota,2014,93.0,88.7 to 96.2,274.0
South Dakota,2015,90.6,85.5 to 94.5,219.0
South Dakota,2016,89.1,83.0 to 93.7,235.0
South Dakota,2017,92.8,88.7 to 95.9,335.0
South Dakota,2018,95.9,92.8 to 97.9,390.0
South Dakota,2019,95.0,91.6 to 97.3,318.0
South Dakota,2020,93.8,89.3 to 96.9,289.0
South Dakota,2021,92.3,87.4 to 95.8,279.0
South Dakota,2022,93.6,88.3 to 97.0,145.0
Tennessee,2011,90.4,84.6 to 94.6,256.0
Tennessee,2012,95.9,92.5 to 98.0,256.0
Tennessee,2013,94.2,89.9 to 97.1,227.0
Tennessee,2014,86.5,80.3 to 91.6,243.0
Tennessee,2015,96.8,94.1 to 98.5,241.0
Tennessee,2016,92.3,86.5 to 96.3,218.0
Tennessee,2017,92.5,87.2 to 96.2,305.0
Tennessee,2018,96.5,93.8 to 98.2,410.0
Tennessee,2019,92.9,89.2 to 95.8,396.0
Tennessee,2020,94.0,90.3 to 96.6,363.0
Tennessee,2021,93.7,89.9 to 96.4,336.0
Tennessee,2022,94.3,90.7 to 96.8,182.0
Texas,2011,87.2,83.5 to 90.4,1195.0
Texas,2012,89.7,86.9 to 92.0,1359.0
Texas,2013,87.9,85.2 to 90.4,1375.0
Texas,2014,88.6,86.2 to 90.8,1413.0
Texas,2015,90.4,88.3 to 92.3,1640.0
Texas,2016,88.6,86.2 to 90.7,1603.0
Texas,2017,85.9,82.8 to 88.8,1271.0
Texas,2018,90.7,87.7 to 93.2,1065.0
Texas,2019,89.0,85.5 to 92.0,919.0
Texas,2020,89.4,85.9 to 92.3,795.0
Texas,2021,90.6,87.4 to 93.3,814.0
Texas,2022,89.9,85.6 to 93.3,541.0
Utah,2011,87.8,82.0 to 92.4,266.0
Utah,2012,90.3,84.6 to 94.5,260.0
Utah,2013,88.1,81.9 to 93.0,250.0
Utah,2014,87.7,82.1 to 92.2,258.0
Utah,2015,89.9,84.2 to 94.2,241.0
Utah,2016,92.7,88.8 to 95.7,293.0
Utah,2017,95.9,92.6 to 98.0,227.0
Utah,2018,94.7,91.2 to 97.2,298.0
Utah,2019,94.2,91.2 to 96.5,330.0
Utah,2020,88.7,84.3 to 92.4,333.0
Utah,2021,93.9,90.8 to 96.2,332.0
Utah,2022,94.4,90.2 to 97.2,149.0
Vermont,2011,90.7,86.3 to 94.1,274.0
Vermont,2012,88.9,83.8 to 93.0,261.0
Vermont,2013,93.8,90.0 to 96.6,261.0
Vermont,2014,92.6,88.0 to 96.0,271.0
Vermont,2015,91.4,86.8 to 94.8,252.0
Vermont,2016,94.2,90.6 to 96.8,248.0
Vermont,2017,93.1,88.6 to 96.2,330.0
Vermont,2018,91.6,87.4 to 94.8,340.0
Vermont,2019,94.4,91.2 to 96.8,334.0
Vermont,2020,95.9,92.7 to 98.0,307.0
Vermont,2021,96.9,93.8 to 98.7,281.0
Vermont,2022,96.5,92.6 to 98.7,187.0
Virginia,2011,88.4,80.4 to 94.3,277.0
Virginia,2012,86.5,79.8 to 91.8,342.0
Virginia,2013,88.3,82.2 to 93.1,357.0
Virginia,2014,92.4,86.7 to 96.3,351.0
Virginia,2015,92.6,87.6 to 96.1,374.0
Virginia,2016,95.9,92.7 to 97.9,389.0
Virginia,2017,89.6,83.4 to 94.2,419.0
Virginia,2018,90.3,85.1 to 94.3,551.0
Virginia,2019,93.1,88.6 to 96.2,452.0
Virginia,2020,90.6,86.6 to 93.7,494.0
Virginia,2021,89.2,84.8 to 92.9,450.0
Virginia,2022,91.8,86.8 to 95.4,241.0
Washington,2011,87.0,80.4 to 92.2,241.0
Washington,2012,88.2,82.2 to 93.0,252.0
Washington,2013,91.1,86.8 to 94.4,313.0
Washington,2014,85.2,79.3 to 90.2,304.0
Washington,2015,90.8,85.6 to 94.7,278.0
Washington,2016,85.5,78.4 to 91.1,280.0
Washington,2017,90.1,86.2 to 93.3,467.0
Washington,2018,89.7,85.8 to 93.0,492.0
Washington,2019,93.8,91.0 to 96.0,455.0
Washington,2020,93.6,90.3 to 96.0,445.0
Washington,2021,92.0,87.9 to 95.2,394.0
Washington,2022,93.7,89.1 to 96.8,211.0
West Virginia,2011,91.5,85.9 to 95.5,231.0
West Virginia,2012,87.1,80.7 to 92.2,254.0
West Virginia,2013,89.8,84.1 to 94.1,243.0
West Virginia,2014,94.2,90.5 to 96.8,268.0
West Virginia,2015,91.8,87.4 to 95.1,281.0
West Virginia,2016,86.3,80.7 to 91.0,296.0
West Virginia,2017,93.0,88.2 to 96.4,259.0
West Virginia,2018,94.3,90.9 to 96.8,252.0
West Virginia,2019,91.9,87.2 to 95.3,201.0
West Virginia,2020,88.2,82.8 to 92.5,271.0
West Virginia,2021,94.2,91.0 to 96.6,279.0
West Virginia,2022,96.8,94.1 to 98.5,180.0
Wisconsin,2011,92.4,87.2 to 96.0,225.0
Wisconsin,2012,89.4,84.3 to 93.4,226.0
Wisconsin,2013,90.2,85.2 to 94.1,235.0
Wisconsin,2014,92.0,86.9 to 95.7,224.0
Wisconsin,2015,91.2,87.1 to 94.5,262.0
Wisconsin,2016,91.4,86.4 to 95.1,275.0
Wisconsin,2017,88.9,82.1 to 93.9,238.0
Wisconsin,2018,92.4,87.7 to 95.9,241.0
Wisconsin,2019,93.9,89.2 to 97.0,224.0
Wisconsin,2020,91.8,87.3 to 95.2,287.0
Wisconsin,2021,90.8,86.5 to 94.3,317.0
Wisconsin,2022,94.5,90.1 to 97.4,164.0
Wyoming,2011,88.9,83.0 to 93.5,214.0
Wyoming,2012,89.8,83.5 to 94.4,217.0
Wyoming,2013,95.0,91.8 to 97.3,215.0
Wyoming,2014,91.2,87.3 to 94.2,265.0
Wyoming,2015,90.4,85.4 to 94.3,283.0
Wyoming,2016,92.3,88.0 to 95.5,231.0
Wyoming,2017,91.0,86.2 to 94.6,287.0
Wyoming,2018,92.1,87.3 to 95.6,280.0
Wyoming,2019,94.1,89.1 to 97.4,260.0
Wyoming,2020,88.8,84.1 to 92.6,296.0
Wyoming,2021,89.3,84.5 to 93.2,306.0
Wyoming,2022,90.4,84.2 to 94.9,157.0
